Date,Comp,Venue,Result,GF,GA,Opponent,xG,xGA,Poss,team
2020-08-29,Community Shield,Neutral,D,1 (5),1 (4),Liverpool,,,40.0,arsenal
2020-09-12,Premier League,Away,W,3,0,Fulham,1.9,0.1,54.0,arsenal
2020-09-19,Premier League,Home,W,2,1,West Ham,1.1,2.0,62.0,arsenal
2020-09-23,EFL Cup,Away,W,2,0,Leicester City,,,51.0,arsenal
2020-09-28,Premier League,Away,L,1,3,Liverpool,1.3,2.7,34.0,arsenal
2020-10-01,EFL Cup,Away,D,0 (5),0 (4),Liverpool,,,44.0,arsenal
2020-10-04,Premier League,Home,W,2,1,Sheffield Utd,0.6,0.2,64.0,arsenal
2020-10-17,Premier League,Away,L,0,1,Manchester City,0.9,1.3,42.0,arsenal
2020-10-22,Europa Lg,Away,W,2,1,at Rapid Wien,1.5,1.5,66.0,arsenal
2020-10-25,Premier League,Home,L,0,1,Leicester City,0.7,0.7,56.0,arsenal
2020-10-29,Europa Lg,Home,W,3,0,ie Dundalk,3.0,0.2,63.0,arsenal
2020-11-01,Premier League,Away,W,1,0,Manchester Utd,1.0,0.4,46.0,arsenal
2020-11-05,Europa Lg,Home,W,4,1,no Molde,2.6,0.2,58.0,arsenal
2020-11-08,Premier League,Home,L,0,3,Aston Villa,1.5,1.8,59.0,arsenal
2020-11-22,Premier League,Away,D,0,0,Leeds United,0.9,1.8,34.0,arsenal
2020-11-26,Europa Lg,Away,W,3,0,no Molde,2.4,1.3,50.0,arsenal
2020-11-29,Premier League,Home,L,1,2,Wolves,1.5,1.8,56.0,arsenal
2020-12-03,Europa Lg,Home,W,4,1,at Rapid Wien,2.9,1.5,70.0,arsenal
2020-12-06,Premier League,Away,L,0,2,Tottenham,0.6,0.3,69.0,arsenal
2020-12-10,Europa Lg,Away,W,4,2,ie Dundalk,1.5,0.3,52.0,arsenal
2020-12-13,Premier League,Home,L,0,1,Burnley,1.6,1.4,65.0,arsenal
2020-12-16,Premier League,Home,D,1,1,Southampton,0.6,1.2,36.0,arsenal
2020-12-19,Premier League,Away,L,1,2,Everton,1.4,0.6,57.0,arsenal
2020-12-22,EFL Cup,Home,L,1,4,Manchester City,,,43.0,arsenal
2020-12-26,Premier League,Home,W,3,1,Chelsea,2.0,2.6,40.0,arsenal
2020-12-29,Premier League,Away,W,1,0,Brighton,1.1,0.8,50.0,arsenal
2021-01-02,Premier League,Away,W,4,0,West Brom,3.7,1.0,61.0,arsenal
2021-01-09,FA Cup,Home,W,2,0,Newcastle Utd,,,61.0,arsenal
2021-01-14,Premier League,Home,D,0,0,Crystal Palace,0.4,0.8,67.0,arsenal
2021-01-18,Premier League,Home,W,3,0,Newcastle Utd,2.4,0.2,66.0,arsenal
2021-01-23,FA Cup,Away,L,0,1,Southampton,,,62.0,arsenal
2021-01-26,Premier League,Away,W,3,1,Southampton,2.2,0.8,42.0,arsenal
2021-01-30,Premier League,Home,D,0,0,Manchester Utd,0.9,1.6,43.0,arsenal
2021-02-02,Premier League,Away,L,1,2,Wolves,0.8,1.5,45.0,arsenal
2021-02-06,Premier League,Away,L,0,1,Aston Villa,0.8,1.2,65.0,arsenal
2021-02-14,Premier League,Home,W,4,2,Leeds United,2.3,0.9,46.0,arsenal
2021-02-18,Europa Lg,Neutral,D,1,1,pt Benfica,1.4,1.0,59.0,arsenal
2021-02-21,Premier League,Home,L,0,1,Manchester City,0.3,1.8,45.0,arsenal
2021-02-25,Europa Lg,Neutral,W,3,2,pt Benfica,1.5,0.9,53.0,arsenal
2021-02-28,Premier League,Away,W,3,1,Leicester City,2.3,0.4,56.0,arsenal
2021-03-06,Premier League,Away,D,1,1,Burnley,2.5,1.1,59.0,arsenal
2021-03-11,Europa Lg,Away,W,3,1,gr Olympiacos,1.1,0.8,59.0,arsenal
2021-03-14,Premier League,Home,W,2,1,Tottenham,1.7,0.4,52.0,arsenal
2021-03-18,Europa Lg,Home,L,0,1,gr Olympiacos,2.5,0.7,46.0,arsenal
2021-03-21,Premier League,Away,D,3,3,West Ham,1.4,2.4,62.0,arsenal
2021-04-03,Premier League,Home,L,0,3,Liverpool,0.1,2.4,36.0,arsenal
2021-04-08,Europa Lg,Home,D,1,1,cz Slavia Prague,2.1,0.7,54.0,arsenal
2021-04-11,Premier League,Away,W,3,0,Sheffield Utd,1.7,0.3,55.0,arsenal
2021-04-15,Europa Lg,Away,W,4,0,cz Slavia Prague,1.9,0.4,40.0,arsenal
2021-04-18,Premier League,Home,D,1,1,Fulham,2.7,0.9,69.0,arsenal
2021-04-23,Premier League,Home,L,0,1,Everton,0.8,0.5,59.0,arsenal
2021-04-29,Europa Lg,Away,L,1,2,es Villarreal,1.2,1.2,53.0,arsenal
2021-05-02,Premier League,Away,W,2,0,Newcastle Utd,2.0,0.3,61.0,arsenal
2021-05-06,Europa Lg,Home,D,0,0,es Villarreal,1.1,0.3,56.0,arsenal
2021-05-09,Premier League,Home,W,3,1,West Brom,0.9,1.8,65.0,arsenal
2021-05-12,Premier League,Away,W,1,0,Chelsea,0.6,1.8,33.0,arsenal
2021-05-19,Premier League,Away,W,3,1,Crystal Palace,1.8,1.0,68.0,arsenal
2021-05-23,Premier League,Home,W,2,0,Brighton,0.8,0.2,54.0,arsenal
2020-09-15,EFL Cup,Away,W,3,1,Burton Albion,,,70.0,aston-villa
2020-09-21,Premier League,Home,W,1,0,Sheffield Utd,1.0,0.9,71.0,aston-villa
2020-09-24,EFL Cup,Away,W,3,0,Bristol City,,,54.0,aston-villa
2020-09-28,Premier League,Away,W,3,0,Fulham,1.4,0.7,36.0,aston-villa
2020-10-01,EFL Cup,Home,L,0,1,Stoke City,,,62.0,aston-villa
2020-10-04,Premier League,Home,W,7,2,Liverpool,2.7,1.8,31.0,aston-villa
2020-10-18,Premier League,Away,W,1,0,Leicester City,0.7,0.6,50.0,aston-villa
2020-10-23,Premier League,Home,L,0,3,Leeds United,1.4,2.7,41.0,aston-villa
2020-11-01,Premier League,Home,L,3,4,Southampton,1.9,0.7,56.0,aston-villa
2020-11-08,Premier League,Away,W,3,0,Arsenal,1.8,1.5,41.0,aston-villa
2020-11-21,Premier League,Home,L,1,2,Brighton,1.5,1.4,56.0,aston-villa
2020-11-30,Premier League,Away,L,1,2,West Ham,2.5,0.4,66.0,aston-villa
2020-12-12,Premier League,Away,W,1,0,Wolves,1.4,1.1,50.0,aston-villa
2020-12-17,Premier League,Home,D,0,0,Burnley,1.5,0.3,59.0,aston-villa
2020-12-20,Premier League,Away,W,3,0,West Brom,2.4,0.0,67.0,aston-villa
2020-12-26,Premier League,Home,W,3,0,Crystal Palace,3.9,0.9,39.0,aston-villa
2020-12-28,Premier League,Away,D,1,1,Chelsea,0.7,1.7,37.0,aston-villa
2021-01-01,Premier League,Away,L,1,2,Manchester Utd,1.4,2.1,52.0,aston-villa
2021-01-08,FA Cup,Home,L,1,4,Liverpool,,,17.0,aston-villa
2021-01-20,Premier League,Away,L,0,2,Manchester City,0.6,3.4,31.0,aston-villa
2021-01-23,Premier League,Home,W,2,0,Newcastle Utd,2.3,0.5,58.0,aston-villa
2021-01-27,Premier League,Away,L,2,3,Burnley,2.2,0.5,61.0,aston-villa
2021-01-30,Premier League,Away,W,1,0,Southampton,0.6,1.9,41.0,aston-villa
2021-02-03,Premier League,Home,L,1,3,West Ham,0.7,1.7,56.0,aston-villa
2021-02-06,Premier League,Home,W,1,0,Arsenal,1.2,0.8,35.0,aston-villa
2021-02-13,Premier League,Away,D,0,0,Brighton,0.1,2.2,42.0,aston-villa
2021-02-21,Premier League,Home,L,1,2,Leicester City,1.4,1.1,51.0,aston-villa
2021-02-27,Premier League,Away,W,1,0,Leeds United,0.7,0.9,31.0,aston-villa
2021-03-03,Premier League,Away,L,0,1,Sheffield Utd,2.3,0.9,72.0,aston-villa
2021-03-06,Premier League,Home,D,0,0,Wolves,0.6,1.6,49.0,aston-villa
2021-03-12,Premier League,Away,D,1,1,Newcastle Utd,0.9,1.5,51.0,aston-villa
2021-03-21,Premier League,Home,L,0,2,Tottenham,0.4,1.8,50.0,aston-villa
2021-04-04,Premier League,Home,W,3,1,Fulham,1.5,1.0,53.0,aston-villa
2021-04-10,Premier League,Away,L,1,2,Liverpool,0.5,2.3,35.0,aston-villa
2021-04-21,Premier League,Home,L,1,2,Manchester City,0.7,1.2,28.0,aston-villa
2021-04-25,Premier League,Home,D,2,2,West Brom,3.2,1.5,70.0,aston-villa
2021-05-01,Premier League,Away,W,2,1,Everton,1.6,1.0,53.0,aston-villa
2021-05-09,Premier League,Home,L,1,3,Manchester Utd,0.5,1.7,41.0,aston-villa
2021-05-13,Premier League,Home,D,0,0,Everton,0.6,1.0,58.0,aston-villa
2021-05-16,Premier League,Away,L,2,3,Crystal Palace,1.4,1.9,55.0,aston-villa
2021-05-19,Premier League,Away,W,2,1,Tottenham,1.4,0.8,40.0,aston-villa
2021-05-23,Premier League,Home,W,2,1,Chelsea,1.1,3.3,29.0,aston-villa
2020-09-14,Premier League,Home,L,1,3,Chelsea,1.1,1.2,52.0,brighton
2020-09-17,EFL Cup,Home,W,4,0,Portsmouth,,,62.0,brighton
2020-09-20,Premier League,Away,W,3,0,Newcastle Utd,1.8,0.5,53.0,brighton
2020-09-23,EFL Cup,Away,W,2,0,Preston,,,53.0,brighton
2020-09-26,Premier League,Home,L,2,3,Manchester Utd,2.5,1.5,53.0,brighton
2020-09-30,EFL Cup,Home,L,0,3,Manchester Utd,,,51.0,brighton
2020-10-03,Premier League,Away,L,2,4,Everton,1.3,1.6,57.0,brighton
2020-10-18,Premier League,Away,D,1,1,Crystal Palace,1.7,0.8,66.0,brighton
2020-10-26,Premier League,Home,D,1,1,West Brom,0.5,0.4,50.0,brighton
2020-11-01,Premier League,Away,L,1,2,Tottenham,0.3,1.7,56.0,brighton
2020-11-06,Premier League,Home,D,0,0,Burnley,1.5,0.5,59.0,brighton
2020-11-21,Premier League,Away,W,2,1,Aston Villa,1.4,1.5,44.0,brighton
2020-11-28,Premier League,Home,D,1,1,Liverpool,2.3,0.2,40.0,brighton
2020-12-07,Premier League,Home,L,1,2,Southampton,1.9,1.4,48.0,brighton
2020-12-13,Premier League,Away,L,0,3,Leicester City,0.9,1.5,46.0,brighton
2020-12-16,Premier League,Away,D,0,0,Fulham,0.5,1.0,54.0,brighton
2020-12-20,Premier League,Home,D,1,1,Sheffield Utd,2.8,0.5,73.0,brighton
2020-12-27,Premier League,Away,D,2,2,West Ham,1.1,1.3,56.0,brighton
2020-12-29,Premier League,Home,L,0,1,Arsenal,0.8,1.1,50.0,brighton
2021-01-02,Premier League,Home,D,3,3,Wolves,2.2,1.6,54.0,brighton
2021-01-10,FA Cup,Away,D,1 (4),1 (3),Newport County,,,72.0,brighton
2021-01-13,Premier League,Away,L,0,1,Manchester City,0.2,2.0,35.0,brighton
2021-01-16,Premier League,Away,W,1,0,Leeds United,1.4,0.3,34.0,brighton
2021-01-23,FA Cup,Home,W,2,1,Blackpool,,,65.0,brighton
2021-01-27,Premier League,Home,D,0,0,Fulham,1.8,0.5,50.0,brighton
2021-01-31,Premier League,Home,W,1,0,Tottenham,1.6,0.4,43.0,brighton
2021-02-03,Premier League,Away,W,1,0,Liverpool,1.3,1.0,37.0,brighton
2021-02-06,Premier League,Away,D,1,1,Burnley,0.5,1.8,45.0,brighton
2021-02-10,FA Cup,Away,L,0,1,Leicester City,,,46.0,brighton
2021-02-13,Premier League,Home,D,0,0,Aston Villa,2.2,0.1,58.0,brighton
2021-02-22,Premier League,Home,L,1,2,Crystal Palace,2.4,0.2,74.0,brighton
2021-02-27,Premier League,Away,L,0,1,West Brom,2.9,0.8,68.0,brighton
2021-03-06,Premier League,Home,L,1,2,Leicester City,0.8,0.9,37.0,brighton
2021-03-14,Premier League,Away,W,2,1,Southampton,0.8,0.6,41.0,brighton
2021-03-20,Premier League,Home,W,3,0,Newcastle Utd,0.9,0.1,65.0,brighton
2021-04-04,Premier League,Away,L,1,2,Manchester Utd,1.2,1.5,43.0,brighton
2021-04-12,Premier League,Home,D,0,0,Everton,1.2,0.4,55.0,brighton
2021-04-20,Premier League,Away,D,0,0,Chelsea,0.5,0.7,36.0,brighton
2021-04-24,Premier League,Away,L,0,1,Sheffield Utd,2.0,0.7,68.0,brighton
2021-05-01,Premier League,Home,W,2,0,Leeds United,2.3,0.6,42.0,brighton
2021-05-09,Premier League,Away,L,1,2,Wolves,0.3,1.1,39.0,brighton
2021-05-15,Premier League,Home,D,1,1,West Ham,0.8,1.7,51.0,brighton
2021-05-18,Premier League,Home,W,3,2,Manchester City,1.1,0.9,63.0,brighton
2021-05-23,Premier League,Away,L,0,2,Arsenal,0.2,0.8,46.0,brighton
2020-09-17,EFL Cup,Home,D,1 (5),1 (4),Sheffield Utd,,,55.0,burnley
2020-09-20,Premier League,Away,L,2,4,Leicester City,1.4,1.2,33.0,burnley
2020-09-23,EFL Cup,Away,W,2,0,Millwall,,,51.0,burnley
2020-09-26,Premier League,Home,L,0,1,Southampton,0.5,0.6,53.0,burnley
2020-09-30,EFL Cup,Home,L,0,3,Manchester City,,,38.0,burnley
2020-10-03,Premier League,Away,L,1,3,Newcastle Utd,0.4,1.8,52.0,burnley
2020-10-19,Premier League,Away,D,0,0,West Brom,1.1,0.8,43.0,burnley
2020-10-26,Premier League,Home,L,0,1,Tottenham,1.0,0.6,39.0,burnley
2020-10-31,Premier League,Home,L,0,3,Chelsea,0.5,0.9,37.0,burnley
2020-11-06,Premier League,Away,D,0,0,Brighton,0.5,1.5,41.0,burnley
2020-11-23,Premier League,Home,W,1,0,Crystal Palace,1.5,1.5,46.0,burnley
2020-11-28,Premier League,Away,L,0,5,Manchester City,0.5,1.7,32.0,burnley
2020-12-05,Premier League,Home,D,1,1,Everton,0.8,2.2,42.0,burnley
2020-12-13,Premier League,Away,W,1,0,Arsenal,1.4,1.6,35.0,burnley
2020-12-17,Premier League,Away,D,0,0,Aston Villa,0.3,1.5,41.0,burnley
2020-12-21,Premier League,Home,W,2,1,Wolves,1.7,1.5,37.0,burnley
2020-12-27,Premier League,Away,L,0,1,Leeds United,1.5,1.9,49.0,burnley
2020-12-29,Premier League,Home,W,1,0,Sheffield Utd,1.0,0.7,37.0,burnley
2021-01-09,FA Cup,Home,D,1 (4),1 (3),MK Dons,,,56.0,burnley
2021-01-12,Premier League,Home,L,0,1,Manchester Utd,0.9,1.2,38.0,burnley
2021-01-16,Premier League,Away,L,0,1,West Ham,0.5,1.7,55.0,burnley
2021-01-21,Premier League,Away,W,1,0,Liverpool,1.1,1.6,28.0,burnley
2021-01-24,FA Cup,Away,W,3,0,Fulham,,,43.0,burnley
2021-01-27,Premier League,Home,W,3,2,Aston Villa,0.5,2.2,39.0,burnley
2021-01-31,Premier League,Away,L,0,2,Chelsea,0.2,1.2,30.0,burnley
2021-02-03,Premier League,Home,L,0,2,Manchester City,0.1,2.0,26.0,burnley
2021-02-06,Premier League,Home,D,1,1,Brighton,1.8,0.5,55.0,burnley
2021-02-09,FA Cup,Home,L,0,2,Bournemouth,,,51.0,burnley
2021-02-13,Premier League,Away,W,3,0,Crystal Palace,1.4,0.5,46.0,burnley
2021-02-17,Premier League,Home,D,1,1,Fulham,0.9,0.5,47.0,burnley
2021-02-20,Premier League,Home,D,0,0,West Brom,0.5,1.6,62.0,burnley
2021-02-28,Premier League,Away,L,0,4,Tottenham,0.7,2.1,42.0,burnley
2021-03-03,Premier League,Home,D,1,1,Leicester City,1.8,1.2,39.0,burnley
2021-03-06,Premier League,Home,D,1,1,Arsenal,1.1,2.5,41.0,burnley
2021-03-13,Premier League,Away,W,2,1,Everton,0.8,1.5,35.0,burnley
2021-04-04,Premier League,Away,L,2,3,Southampton,1.5,2.2,47.0,burnley
2021-04-11,Premier League,Home,L,1,2,Newcastle Utd,2.0,1.2,56.0,burnley
2021-04-18,Premier League,Away,L,1,3,Manchester Utd,0.9,2.5,31.0,burnley
2021-04-25,Premier League,Away,W,4,0,Wolves,2.0,0.4,42.0,burnley
2021-05-03,Premier League,Home,L,1,2,West Ham,2.0,2.3,45.0,burnley
2021-05-10,Premier League,Away,W,2,0,Fulham,1.5,1.0,32.0,burnley
2021-05-15,Premier League,Home,L,0,4,Leeds United,1.3,1.5,48.0,burnley
2021-05-19,Premier League,Home,L,0,3,Liverpool,0.8,2.6,41.0,burnley
2021-05-23,Premier League,Away,L,0,1,Sheffield Utd,1.1,0.5,57.0,burnley
2020-09-14,Premier League,Away,W,3,1,Brighton,1.2,1.1,48.0,chelsea
2020-09-20,Premier League,Home,L,0,2,Liverpool,0.9,2.1,39.0,chelsea
2020-09-23,EFL Cup,Home,W,6,0,Barnsley,,,69.0,chelsea
2020-09-26,Premier League,Away,D,3,3,West Brom,2.0,0.6,75.0,chelsea
2020-09-29,EFL Cup,Away,D,1 (4),1 (5),Tottenham,,,63.0,chelsea
2020-10-03,Premier League,Home,W,4,0,Crystal Palace,2.7,0.2,70.0,chelsea
2020-10-17,Premier League,Home,D,3,3,Southampton,1.8,1.9,53.0,chelsea
2020-10-20,Champions Lg,Home,D,0,0,es Sevilla,0.4,0.2,44.0,chelsea
2020-10-24,Premier League,Away,D,0,0,Manchester Utd,0.2,0.6,49.0,chelsea
2020-10-28,Champions Lg,Away,W,4,0,ru Krasnodar,2.4,0.6,70.0,chelsea
2020-10-31,Premier League,Away,W,3,0,Burnley,0.9,0.5,63.0,chelsea
2020-11-04,Champions Lg,Home,W,3,0,fr Rennes,3.3,0.6,57.0,chelsea
2020-11-07,Premier League,Home,W,4,1,Sheffield Utd,2.2,0.4,69.0,chelsea
2020-11-21,Premier League,Away,W,2,0,Newcastle Utd,1.5,0.3,70.0,chelsea
2020-11-24,Champions Lg,Away,W,2,1,fr Rennes,2.2,1.1,49.0,chelsea
2020-11-29,Premier League,Home,D,0,0,Tottenham,0.8,0.2,60.0,chelsea
2020-12-02,Champions Lg,Away,W,4,0,es Sevilla,2.4,1.3,45.0,chelsea
2020-12-05,Premier League,Home,W,3,1,Leeds United,4.1,0.8,46.0,chelsea
2020-12-08,Champions Lg,Home,D,1,1,ru Krasnodar,2.5,0.4,64.0,chelsea
2020-12-12,Premier League,Away,L,0,1,Everton,0.7,1.2,71.0,chelsea
2020-12-15,Premier League,Away,L,1,2,Wolves,1.0,0.5,55.0,chelsea
2020-12-21,Premier League,Home,W,3,0,West Ham,2.0,0.4,53.0,chelsea
2020-12-26,Premier League,Away,L,1,3,Arsenal,2.6,2.0,60.0,chelsea
2020-12-28,Premier League,Home,D,1,1,Aston Villa,1.7,0.7,63.0,chelsea
2021-01-03,Premier League,Home,L,1,3,Manchester City,0.8,2.7,54.0,chelsea
2021-01-10,FA Cup,Home,W,4,0,Morecambe,,,85.0,chelsea
2021-01-16,Premier League,Away,W,1,0,Fulham,1.6,0.7,69.0,chelsea
2021-01-19,Premier League,Away,L,0,2,Leicester City,0.7,1.4,64.0,chelsea
2021-01-24,FA Cup,Home,W,3,1,Luton Town,,,68.0,chelsea
2021-01-27,Premier League,Home,D,0,0,Wolves,0.7,0.5,78.0,chelsea
2021-01-31,Premier League,Home,W,2,0,Burnley,1.2,0.2,70.0,chelsea
2021-02-04,Premier League,Away,W,1,0,Tottenham,1.6,0.6,58.0,chelsea
2021-02-07,Premier League,Away,W,2,1,Sheffield Utd,1.6,0.6,68.0,chelsea
2021-02-11,FA Cup,Away,W,1,0,Barnsley,,,72.0,chelsea
2021-02-15,Premier League,Home,W,2,0,Newcastle Utd,2.2,0.6,64.0,chelsea
2021-02-20,Premier League,Away,D,1,1,Southampton,1.2,0.6,70.0,chelsea
2021-02-23,Champions Lg,Away,W,1,0,es Atlético Madrid,1.0,0.8,63.0,chelsea
2021-02-28,Premier League,Home,D,0,0,Manchester Utd,1.1,0.4,57.0,chelsea
2021-03-04,Premier League,Away,W,1,0,Liverpool,1.0,0.3,46.0,chelsea
2021-03-08,Premier League,Home,W,2,0,Everton,2.4,0.3,65.0,chelsea
2021-03-13,Premier League,Away,D,0,0,Leeds United,1.0,0.4,62.0,chelsea
2021-03-17,Champions Lg,Home,W,2,0,es Atlético Madrid,2.0,0.5,55.0,chelsea
2021-03-21,FA Cup,Home,W,2,0,Sheffield Utd,,,63.0,chelsea
2021-04-03,Premier League,Home,L,2,5,West Brom,2.1,1.6,65.0,chelsea
2021-04-07,Champions Lg,Away,W,2,0,pt Porto,1.6,1.4,59.0,chelsea
2021-04-10,Premier League,Away,W,4,1,Crystal Palace,3.1,0.4,64.0,chelsea
2021-04-13,Champions Lg,Home,L,0,1,pt Porto,1.2,0.4,46.0,chelsea
2021-04-17,FA Cup,Home,W,1,0,Manchester City,,,45.0,chelsea
2021-04-20,Premier League,Home,D,0,0,Brighton,0.7,0.5,64.0,chelsea
2021-04-24,Premier League,Away,W,1,0,West Ham,2.5,0.4,55.0,chelsea
2021-04-27,Champions Lg,Away,D,1,1,es Real Madrid,1.7,0.7,49.0,chelsea
2021-05-01,Premier League,Home,W,2,0,Fulham,1.7,0.3,49.0,chelsea
2021-05-05,Champions Lg,Home,W,2,0,es Real Madrid,4.0,0.5,33.0,chelsea
2021-05-08,Premier League,Away,W,2,1,Manchester City,0.7,1.8,52.0,chelsea
2021-05-12,Premier League,Home,L,0,1,Arsenal,1.8,0.6,67.0,chelsea
2021-05-15,FA Cup,Neutral,L,0,1,Leicester City,,,64.0,chelsea
2021-05-18,Premier League,Home,W,2,1,Leicester City,3.1,0.8,58.0,chelsea
2021-05-23,Premier League,Away,L,1,2,Aston Villa,3.3,1.1,71.0,chelsea
2021-05-29,Champions Lg,Away,W,1,0,eng Manchester City,1.4,0.5,40.0,chelsea
2020-09-21,Premier League,Away,W,3,1,Wolves,1.9,0.6,65.0,city
2020-09-24,EFL Cup,Home,W,2,1,Bournemouth,,,73.0,city
2020-09-27,Premier League,Home,L,2,5,Leicester City,0.9,2.9,72.0,city
2020-09-30,EFL Cup,Away,W,3,0,Burnley,,,62.0,city
2020-10-03,Premier League,Away,D,1,1,Leeds United,1.2,2.4,49.0,city
2020-10-17,Premier League,Home,W,1,0,Arsenal,1.3,0.9,58.0,city
2020-10-21,Champions Lg,Home,W,3,1,pt Porto,1.5,0.2,68.0,city
2020-10-24,Premier League,Away,D,1,1,West Ham,1.0,0.3,69.0,city
2020-10-27,Champions Lg,Away,W,3,0,fr Marseille,1.9,0.1,64.0,city
2020-10-31,Premier League,Away,W,1,0,Sheffield Utd,1.6,0.5,65.0,city
2020-11-03,Champions Lg,Home,W,3,0,gr Olympiacos,1.7,0.6,58.0,city
2020-11-08,Premier League,Home,D,1,1,Liverpool,1.4,1.2,54.0,city
2020-11-21,Premier League,Away,L,0,2,Tottenham,1.4,0.7,66.0,city
2020-11-25,Champions Lg,Away,W,1,0,gr Olympiacos,2.4,0.1,59.0,city
2020-11-28,Premier League,Home,W,5,0,Burnley,1.7,0.5,68.0,city
2020-12-01,Champions Lg,Away,D,0,0,pt Porto,2.5,0.1,68.0,city
2020-12-05,Premier League,Home,W,2,0,Fulham,2.9,0.3,69.0,city
2020-12-09,Champions Lg,Home,W,3,0,fr Marseille,2.4,0.5,53.0,city
2020-12-12,Premier League,Away,D,0,0,Manchester Utd,1.3,0.6,54.0,city
2020-12-15,Premier League,Home,D,1,1,West Brom,2.2,0.4,77.0,city
2020-12-19,Premier League,Away,W,1,0,Southampton,0.9,0.7,52.0,city
2020-12-22,EFL Cup,Away,W,4,1,Arsenal,,,57.0,city
2020-12-26,Premier League,Home,W,2,0,Newcastle Utd,3.0,0.3,74.0,city
2021-01-03,Premier League,Away,W,3,1,Chelsea,2.7,0.8,46.0,city
2021-01-06,EFL Cup,Away,W,2,0,Manchester Utd,,,60.0,city
2021-01-10,FA Cup,Home,W,3,0,Birmingham City,,,74.0,city
2021-01-13,Premier League,Home,W,1,0,Brighton,2.0,0.2,65.0,city
2021-01-17,Premier League,Home,W,4,0,Crystal Palace,0.7,0.1,71.0,city
2021-01-20,Premier League,Home,W,2,0,Aston Villa,3.4,0.6,69.0,city
2021-01-23,FA Cup,Away,W,3,1,Cheltenham,,,72.0,city
2021-01-26,Premier League,Away,W,5,0,West Brom,1.8,0.5,77.0,city
2021-01-30,Premier League,Home,W,1,0,Sheffield Utd,1.5,0.2,75.0,city
2021-02-03,Premier League,Away,W,2,0,Burnley,2.0,0.1,74.0,city
2021-02-07,Premier League,Away,W,4,1,Liverpool,3.5,1.2,44.0,city
2021-02-10,FA Cup,Away,W,3,1,Swansea City,,,74.0,city
2021-02-13,Premier League,Home,W,3,0,Tottenham,2.2,0.3,60.0,city
2021-02-17,Premier League,Away,W,3,1,Everton,1.0,1.0,71.0,city
2021-02-21,Premier League,Away,W,1,0,Arsenal,1.8,0.3,55.0,city
2021-02-24,Champions Lg,Away,W,2,0,de M'Gladbach,1.6,0.4,60.0,city
2021-02-27,Premier League,Home,W,2,1,West Ham,0.5,1.5,63.0,city
2021-03-02,Premier League,Home,W,4,1,Wolves,3.3,0.3,72.0,city
2021-03-07,Premier League,Home,L,0,2,Manchester Utd,1.3,1.7,66.0,city
2021-03-10,Premier League,Home,W,5,2,Southampton,2.6,1.6,58.0,city
2021-03-13,Premier League,Away,W,3,0,Fulham,2.2,0.3,54.0,city
2021-03-16,Champions Lg,Home,W,2,0,de M'Gladbach,1.4,0.3,67.0,city
2021-03-20,FA Cup,Away,W,2,0,Everton,,,74.0,city
2021-04-03,Premier League,Away,W,2,0,Leicester City,1.4,0.3,56.0,city
2021-04-06,Champions Lg,Home,W,2,1,de Dortmund,2.1,1.1,61.0,city
2021-04-10,Premier League,Home,L,1,2,Leeds United,2.1,0.1,71.0,city
2021-04-14,Champions Lg,Away,W,2,1,de Dortmund,2.5,0.5,61.0,city
2021-04-17,FA Cup,Away,L,0,1,Chelsea,,,55.0,city
2021-04-21,Premier League,Away,W,2,1,Aston Villa,1.2,0.7,72.0,city
2021-04-25,EFL Cup,Home,W,1,0,Tottenham,,,62.0,city
2021-04-28,Champions Lg,Away,W,2,1,fr Paris S-G,0.8,1.0,59.0,city
2021-05-01,Premier League,Away,W,2,0,Crystal Palace,1.7,0.9,68.0,city
2021-05-04,Champions Lg,Home,W,2,0,fr Paris S-G,1.4,0.8,44.0,city
2021-05-08,Premier League,Home,L,1,2,Chelsea,1.8,0.7,48.0,city
2021-05-14,Premier League,Away,W,4,3,Newcastle Utd,1.5,2.2,82.0,city
2021-05-18,Premier League,Away,L,2,3,Brighton,0.9,1.1,37.0,city
2021-05-23,Premier League,Home,W,5,0,Everton,2.5,1.1,67.0,city
2021-05-29,Champions Lg,Home,L,0,1,eng Chelsea,0.5,1.4,60.0,city
2020-09-13,Premier League,Away,W,1,0,Tottenham,1.2,1.1,48.0,everton
2020-09-16,EFL Cup,Home,W,3,0,Salford City,,,69.0,everton
2020-09-19,Premier League,Home,W,5,2,West Brom,3.9,0.3,71.0,everton
2020-09-23,EFL Cup,Away,W,5,2,Fleetwood Town,,,70.0,everton
2020-09-26,Premier League,Away,W,2,1,Crystal Palace,1.9,0.4,58.0,everton
2020-09-30,EFL Cup,Home,W,4,1,West Ham,,,52.0,everton
2020-10-03,Premier League,Home,W,4,2,Brighton,1.6,1.3,43.0,everton
2020-10-17,Premier League,Home,D,2,2,Liverpool,1.2,2.6,42.0,everton
2020-10-25,Premier League,Away,L,0,2,Southampton,0.4,0.7,46.0,everton
2020-11-01,Premier League,Away,L,1,2,Newcastle Utd,1.5,2.9,61.0,everton
2020-11-07,Premier League,Home,L,1,3,Manchester Utd,0.4,1.5,55.0,everton
2020-11-22,Premier League,Away,W,3,2,Fulham,2.0,1.9,46.0,everton
2020-11-28,Premier League,Home,L,0,1,Leeds United,1.2,2.9,41.0,everton
2020-12-05,Premier League,Away,D,1,1,Burnley,2.2,0.8,58.0,everton
2020-12-12,Premier League,Home,W,1,0,Chelsea,1.2,0.7,29.0,everton
2020-12-16,Premier League,Away,W,2,0,Leicester City,1.4,0.8,39.0,everton
2020-12-19,Premier League,Home,W,2,1,Arsenal,0.6,1.4,43.0,everton
2020-12-23,EFL Cup,Home,L,0,2,Manchester Utd,,,36.0,everton
2020-12-26,Premier League,Away,W,1,0,Sheffield Utd,0.7,1.4,56.0,everton
2021-01-01,Premier League,Home,L,0,1,West Ham,0.4,1.3,60.0,everton
2021-01-09,FA Cup,Home,W,2,1,Rotherham Utd,,,66.0,everton
2021-01-12,Premier League,Away,W,2,1,Wolves,0.6,0.7,48.0,everton
2021-01-24,FA Cup,Home,W,3,0,Sheffield Weds,,,63.0,everton
2021-01-27,Premier League,Home,D,1,1,Leicester City,0.5,1.2,35.0,everton
2021-01-30,Premier League,Home,L,0,2,Newcastle Utd,0.8,1.7,60.0,everton
2021-02-03,Premier League,Away,W,2,1,Leeds United,1.6,1.3,37.0,everton
2021-02-06,Premier League,Away,D,3,3,Manchester Utd,1.5,1.8,39.0,everton
2021-02-10,FA Cup,Home,W,5,4,Tottenham,,,44.0,everton
2021-02-14,Premier League,Home,L,0,2,Fulham,0.3,2.5,50.0,everton
2021-02-17,Premier League,Home,L,1,3,Manchester City,1.0,1.0,29.0,everton
2021-02-20,Premier League,Away,W,2,0,Liverpool,1.6,1.4,29.0,everton
2021-03-01,Premier League,Home,W,1,0,Southampton,1.2,0.6,47.0,everton
2021-03-04,Premier League,Away,W,1,0,West Brom,1.0,1.0,51.0,everton
2021-03-08,Premier League,Away,L,0,2,Chelsea,0.3,2.4,35.0,everton
2021-03-13,Premier League,Home,L,1,2,Burnley,1.5,0.8,65.0,everton
2021-03-20,FA Cup,Home,L,0,2,Manchester City,,,26.0,everton
2021-04-05,Premier League,Home,D,1,1,Crystal Palace,2.5,0.7,48.0,everton
2021-04-12,Premier League,Away,D,0,0,Brighton,0.4,1.2,45.0,everton
2021-04-16,Premier League,Home,D,2,2,Tottenham,1.8,1.4,53.0,everton
2021-04-23,Premier League,Away,W,1,0,Arsenal,0.5,0.8,41.0,everton
2021-05-01,Premier League,Home,L,1,2,Aston Villa,1.0,1.6,47.0,everton
2021-05-09,Premier League,Away,W,1,0,West Ham,1.5,1.3,32.0,everton
2021-05-13,Premier League,Away,D,0,0,Aston Villa,1.0,0.6,42.0,everton
2021-05-16,Premier League,Home,L,0,1,Sheffield Utd,1.4,1.2,62.0,everton
2021-05-19,Premier League,Home,W,1,0,Wolves,0.7,0.3,41.0,everton
2021-05-23,Premier League,Away,L,0,5,Manchester City,1.1,2.5,33.0,everton
2020-09-12,Premier League,Home,L,0,3,Arsenal,0.1,1.9,46.0,fulham
2020-09-16,EFL Cup,Away,W,1,0,Ipswich Town,,,69.0,fulham
2020-09-19,Premier League,Away,L,3,4,Leeds United,1.7,1.4,49.0,fulham
2020-09-23,EFL Cup,Home,W,2,0,Sheffield Weds,,,57.0,fulham
2020-09-28,Premier League,Home,L,0,3,Aston Villa,0.7,1.4,64.0,fulham
2020-10-01,EFL Cup,Away,L,0,3,Brentford,,,61.0,fulham
2020-10-04,Premier League,Away,L,0,1,Wolves,0.9,1.2,52.0,fulham
2020-10-18,Premier League,Away,D,1,1,Sheffield Utd,1.5,1.7,58.0,fulham
2020-10-24,Premier League,Home,L,1,2,Crystal Palace,1.1,2.5,64.0,fulham
2020-11-02,Premier League,Home,W,2,0,West Brom,1.5,0.5,47.0,fulham
2020-11-07,Premier League,Away,L,0,1,West Ham,1.7,1.3,47.0,fulham
2020-11-22,Premier League,Home,L,2,3,Everton,1.9,2.0,54.0,fulham
2020-11-30,Premier League,Away,W,2,1,Leicester City,2.2,1.2,32.0,fulham
2020-12-05,Premier League,Away,L,0,2,Manchester City,0.3,2.9,31.0,fulham
2020-12-13,Premier League,Home,D,1,1,Liverpool,1.5,1.8,26.0,fulham
2020-12-16,Premier League,Home,D,0,0,Brighton,1.0,0.5,46.0,fulham
2020-12-19,Premier League,Away,D,1,1,Newcastle Utd,1.0,1.4,51.0,fulham
2020-12-26,Premier League,Home,D,0,0,Southampton,0.7,0.2,47.0,fulham
2021-01-09,FA Cup,Away,W,2,0,QPR,,,56.0,fulham
2021-01-13,Premier League,Away,D,1,1,Tottenham,1.1,2.4,47.0,fulham
2021-01-16,Premier League,Home,L,0,1,Chelsea,0.7,1.6,31.0,fulham
2021-01-20,Premier League,Home,L,1,2,Manchester Utd,0.9,1.7,38.0,fulham
2021-01-24,FA Cup,Home,L,0,3,Burnley,,,57.0,fulham
2021-01-27,Premier League,Away,D,0,0,Brighton,0.5,1.8,50.0,fulham
2021-01-30,Premier League,Away,D,2,2,West Brom,1.3,1.0,62.0,fulham
2021-02-03,Premier League,Home,L,0,2,Leicester City,0.6,1.4,57.0,fulham
2021-02-06,Premier League,Home,D,0,0,West Ham,1.5,1.0,60.0,fulham
2021-02-14,Premier League,Away,W,2,0,Everton,2.5,0.3,50.0,fulham
2021-02-17,Premier League,Away,D,1,1,Burnley,0.5,0.9,53.0,fulham
2021-02-20,Premier League,Home,W,1,0,Sheffield Utd,1.2,0.9,64.0,fulham
2021-02-28,Premier League,Away,D,0,0,Crystal Palace,1.4,0.1,60.0,fulham
2021-03-04,Premier League,Home,L,0,1,Tottenham,0.7,1.6,60.0,fulham
2021-03-07,Premier League,Away,W,1,0,Liverpool,1.3,0.9,37.0,fulham
2021-03-13,Premier League,Home,L,0,3,Manchester City,0.3,2.2,46.0,fulham
2021-03-19,Premier League,Home,L,1,2,Leeds United,1.6,1.3,51.0,fulham
2021-04-04,Premier League,Away,L,1,3,Aston Villa,1.0,1.5,47.0,fulham
2021-04-09,Premier League,Home,L,0,1,Wolves,0.9,0.5,50.0,fulham
2021-04-18,Premier League,Away,D,1,1,Arsenal,0.9,2.7,31.0,fulham
2021-05-01,Premier League,Away,L,0,2,Chelsea,0.3,1.7,51.0,fulham
2021-05-10,Premier League,Home,L,0,2,Burnley,1.0,1.5,68.0,fulham
2021-05-15,Premier League,Away,L,1,3,Southampton,0.8,1.6,53.0,fulham
2021-05-18,Premier League,Away,D,1,1,Manchester Utd,0.9,0.9,43.0,fulham
2021-05-23,Premier League,Home,L,0,2,Newcastle Utd,1.0,1.3,64.0,fulham
2020-09-12,Premier League,Away,L,3,4,Liverpool,0.3,2.7,51.0,leeds
2020-09-16,EFL Cup,Home,D,1 (8),1 (9),Hull City,,,65.0,leeds
2020-09-19,Premier League,Home,W,4,3,Fulham,1.4,1.7,51.0,leeds
2020-09-27,Premier League,Away,W,1,0,Sheffield Utd,1.2,1.4,64.0,leeds
2020-10-03,Premier League,Home,D,1,1,Manchester City,2.4,1.2,51.0,leeds
2020-10-19,Premier League,Home,L,0,1,Wolves,1.0,0.4,66.0,leeds
2020-10-23,Premier League,Away,W,3,0,Aston Villa,2.7,1.4,59.0,leeds
2020-11-02,Premier League,Home,L,1,4,Leicester City,2.1,2.9,67.0,leeds
2020-11-07,Premier League,Away,L,1,4,Crystal Palace,0.8,0.9,64.0,leeds
2020-11-22,Premier League,Home,D,0,0,Arsenal,1.8,0.9,66.0,leeds
2020-11-28,Premier League,Away,W,1,0,Everton,2.9,1.2,59.0,leeds
2020-12-05,Premier League,Away,L,1,3,Chelsea,0.8,4.1,54.0,leeds
2020-12-11,Premier League,Home,L,1,2,West Ham,1.6,1.3,63.0,leeds
2020-12-16,Premier League,Home,W,5,2,Newcastle Utd,2.7,1.5,68.0,leeds
2020-12-20,Premier League,Away,L,2,6,Manchester Utd,1.8,3.6,59.0,leeds
2020-12-27,Premier League,Home,W,1,0,Burnley,1.9,1.5,51.0,leeds
2020-12-29,Premier League,Away,W,5,0,West Brom,1.2,0.5,75.0,leeds
2021-01-02,Premier League,Away,L,0,3,Tottenham,1.1,2.6,63.0,leeds
2021-01-10,FA Cup,Away,L,0,3,Crawley Town,,,71.0,leeds
2021-01-16,Premier League,Home,L,0,1,Brighton,0.3,1.4,66.0,leeds
2021-01-26,Premier League,Away,W,2,1,Newcastle Utd,0.7,1.4,58.0,leeds
2021-01-31,Premier League,Away,W,3,1,Leicester City,2.1,1.8,49.0,leeds
2021-02-03,Premier League,Home,L,1,2,Everton,1.3,1.6,63.0,leeds
2021-02-08,Premier League,Home,W,2,0,Crystal Palace,1.9,0.4,67.0,leeds
2021-02-14,Premier League,Away,L,2,4,Arsenal,0.9,2.3,54.0,leeds
2021-02-19,Premier League,Away,L,0,1,Wolves,1.7,0.6,58.0,leeds
2021-02-23,Premier League,Home,W,3,0,Southampton,1.3,0.9,46.0,leeds
2021-02-27,Premier League,Home,L,0,1,Aston Villa,0.9,0.7,69.0,leeds
2021-03-08,Premier League,Away,L,0,2,West Ham,1.4,1.8,65.0,leeds
2021-03-13,Premier League,Home,D,0,0,Chelsea,0.4,1.0,38.0,leeds
2021-03-19,Premier League,Away,W,2,1,Fulham,1.3,1.6,49.0,leeds
2021-04-03,Premier League,Home,W,2,1,Sheffield Utd,2.4,1.1,54.0,leeds
2021-04-10,Premier League,Away,W,2,1,Manchester City,0.1,2.1,29.0,leeds
2021-04-19,Premier League,Home,D,1,1,Liverpool,2.3,1.4,61.0,leeds
2021-04-25,Premier League,Home,D,0,0,Manchester Utd,0.3,1.2,44.0,leeds
2021-05-01,Premier League,Away,L,0,2,Brighton,0.6,2.3,58.0,leeds
2021-05-08,Premier League,Home,W,3,1,Tottenham,2.5,0.9,53.0,leeds
2021-05-15,Premier League,Away,W,4,0,Burnley,1.5,1.3,52.0,leeds
2021-05-18,Premier League,Away,W,2,0,Southampton,1.7,1.6,49.0,leeds
2021-05-23,Premier League,Home,W,3,1,West Brom,2.3,1.0,64.0,leeds
2020-09-13,Premier League,Away,W,3,0,West Brom,2.8,0.4,64.0,leicester
2020-09-20,Premier League,Home,W,4,2,Burnley,1.2,1.4,67.0,leicester
2020-09-23,EFL Cup,Home,L,0,2,Arsenal,,,49.0,leicester
2020-09-27,Premier League,Away,W,5,2,Manchester City,2.9,0.9,28.0,leicester
2020-10-04,Premier League,Home,L,0,3,West Ham,0.6,2.0,69.0,leicester
2020-10-18,Premier League,Home,L,0,1,Aston Villa,0.6,0.7,50.0,leicester
2020-10-22,Europa Lg,Home,W,3,0,ua Zorya Luhansk,2.7,0.7,46.0,leicester
2020-10-25,Premier League,Away,W,1,0,Arsenal,0.7,0.7,44.0,leicester
2020-10-29,Europa Lg,Away,W,2,1,gr AEK Athens,1.9,1.4,48.0,leicester
2020-11-02,Premier League,Away,W,4,1,Leeds United,2.9,2.1,33.0,leicester
2020-11-05,Europa Lg,Home,W,4,0,pt Braga,2.9,0.6,49.0,leicester
2020-11-08,Premier League,Home,W,1,0,Wolves,2.0,0.8,49.0,leicester
2020-11-22,Premier League,Away,L,0,3,Liverpool,1.6,3.1,44.0,leicester
2020-11-26,Europa Lg,Away,D,3,3,pt Braga,2.1,2.2,55.0,leicester
2020-11-30,Premier League,Home,L,1,2,Fulham,1.2,2.2,68.0,leicester
2020-12-03,Europa Lg,Away,L,0,1,ua Zorya Luhansk,1.5,1.1,52.0,leicester
2020-12-06,Premier League,Away,W,2,1,Sheffield Utd,1.4,0.2,69.0,leicester
2020-12-10,Europa Lg,Home,W,2,0,gr AEK Athens,1.2,0.2,68.0,leicester
2020-12-13,Premier League,Home,W,3,0,Brighton,1.5,0.9,54.0,leicester
2020-12-16,Premier League,Home,L,0,2,Everton,0.8,1.4,61.0,leicester
2020-12-20,Premier League,Away,W,2,0,Tottenham,1.7,0.7,44.0,leicester
2020-12-26,Premier League,Home,D,2,2,Manchester Utd,0.9,1.7,54.0,leicester
2020-12-28,Premier League,Away,D,1,1,Crystal Palace,1.9,0.5,66.0,leicester
2021-01-03,Premier League,Away,W,2,1,Newcastle Utd,0.6,0.5,56.0,leicester
2021-01-09,FA Cup,Away,W,4,0,Stoke City,,,64.0,leicester
2021-01-16,Premier League,Home,W,2,0,Southampton,2.2,0.6,47.0,leicester
2021-01-19,Premier League,Home,W,2,0,Chelsea,1.4,0.7,36.0,leicester
2021-01-24,FA Cup,Away,W,3,1,Brentford,,,62.0,leicester
2021-01-27,Premier League,Away,D,1,1,Everton,1.2,0.5,65.0,leicester
2021-01-31,Premier League,Home,L,1,3,Leeds United,1.8,2.1,51.0,leicester
2021-02-03,Premier League,Away,W,2,0,Fulham,1.4,0.6,43.0,leicester
2021-02-07,Premier League,Away,D,0,0,Wolves,0.8,1.1,56.0,leicester
2021-02-10,FA Cup,Home,W,1,0,Brighton,,,54.0,leicester
2021-02-13,Premier League,Home,W,3,1,Liverpool,1.9,1.7,38.0,leicester
2021-02-18,Europa Lg,Neutral,D,0,0,cz Slavia Prague,0.4,0.9,53.0,leicester
2021-02-21,Premier League,Away,W,2,1,Aston Villa,1.1,1.4,49.0,leicester
2021-02-25,Europa Lg,Neutral,L,0,2,cz Slavia Prague,0.6,0.7,61.0,leicester
2021-02-28,Premier League,Home,L,1,3,Arsenal,0.4,2.3,44.0,leicester
2021-03-03,Premier League,Away,D,1,1,Burnley,1.2,1.8,61.0,leicester
2021-03-06,Premier League,Away,W,2,1,Brighton,0.9,0.8,63.0,leicester
2021-03-14,Premier League,Home,W,5,0,Sheffield Utd,4.0,0.1,71.0,leicester
2021-03-21,FA Cup,Home,W,3,1,Manchester Utd,,,48.0,leicester
2021-04-03,Premier League,Home,L,0,2,Manchester City,0.3,1.4,44.0,leicester
2021-04-11,Premier League,Away,L,2,3,West Ham,0.9,0.8,63.0,leicester
2021-04-18,FA Cup,Home,W,1,0,Southampton,,,50.0,leicester
2021-04-22,Premier League,Home,W,3,0,West Brom,2.1,0.5,72.0,leicester
2021-04-26,Premier League,Home,W,2,1,Crystal Palace,1.5,0.7,66.0,leicester
2021-04-30,Premier League,Away,D,1,1,Southampton,1.9,0.9,70.0,leicester
2021-05-07,Premier League,Home,L,2,4,Newcastle Utd,2.2,2.7,68.0,leicester
2021-05-11,Premier League,Away,W,2,1,Manchester Utd,0.9,0.2,47.0,leicester
2021-05-15,FA Cup,Neutral,W,1,0,Chelsea,,,36.0,leicester
2021-05-18,Premier League,Away,L,1,2,Chelsea,0.8,3.1,42.0,leicester
2021-05-23,Premier League,Home,L,2,4,Tottenham,1.9,1.5,47.0,leicester
2020-08-29,Community Shield,Neutral,D,1 (4),1 (5),Arsenal,,,60.0,liverpool
2020-09-12,Premier League,Home,W,4,3,Leeds United,2.7,0.3,49.0,liverpool
2020-09-20,Premier League,Away,W,2,0,Chelsea,2.1,0.9,61.0,liverpool
2020-09-24,EFL Cup,Away,W,7,2,Lincoln City,,,72.0,liverpool
2020-09-28,Premier League,Home,W,3,1,Arsenal,2.7,1.3,66.0,liverpool
2020-10-01,EFL Cup,Home,D,0 (4),0 (5),Arsenal,,,57.0,liverpool
2020-10-04,Premier League,Away,L,2,7,Aston Villa,1.8,2.7,69.0,liverpool
2020-10-17,Premier League,Away,D,2,2,Everton,2.6,1.2,58.0,liverpool
2020-10-21,Champions Lg,Away,W,1,0,nl Ajax,1.1,1.4,51.0,liverpool
2020-10-24,Premier League,Home,W,2,1,Sheffield Utd,2.3,1.6,62.0,liverpool
2020-10-27,Champions Lg,Home,W,2,0,dk Midtjylland,2.2,1.2,62.0,liverpool
2020-10-31,Premier League,Home,W,2,1,West Ham,1.7,0.3,72.0,liverpool
2020-11-03,Champions Lg,Away,W,5,0,it Atalanta,2.5,1.2,56.0,liverpool
2020-11-08,Premier League,Away,D,1,1,Manchester City,1.2,1.4,46.0,liverpool
2020-11-22,Premier League,Home,W,3,0,Leicester City,3.1,1.6,56.0,liverpool
2020-11-25,Champions Lg,Home,L,0,2,it Atalanta,0.2,1.2,54.0,liverpool
2020-11-28,Premier League,Away,D,1,1,Brighton,0.2,2.3,60.0,liverpool
2020-12-01,Champions Lg,Home,W,1,0,nl Ajax,2.0,1.5,44.0,liverpool
2020-12-06,Premier League,Home,W,4,0,Wolves,1.2,0.4,60.0,liverpool
2020-12-09,Champions Lg,Away,D,1,1,dk Midtjylland,1.1,2.3,50.0,liverpool
2020-12-13,Premier League,Away,D,1,1,Fulham,1.8,1.5,74.0,liverpool
2020-12-16,Premier League,Home,W,2,1,Tottenham,1.0,1.1,75.0,liverpool
2020-12-19,Premier League,Away,W,7,0,Crystal Palace,2.5,0.3,64.0,liverpool
2020-12-27,Premier League,Home,D,1,1,West Brom,1.5,0.6,77.0,liverpool
2020-12-30,Premier League,Away,D,0,0,Newcastle Utd,1.4,0.5,72.0,liverpool
2021-01-04,Premier League,Away,L,0,1,Southampton,1.5,0.4,66.0,liverpool
2021-01-08,FA Cup,Away,W,4,1,Aston Villa,,,83.0,liverpool
2021-01-17,Premier League,Home,D,0,0,Manchester Utd,1.2,1.1,65.0,liverpool
2021-01-21,Premier League,Home,L,0,1,Burnley,1.6,1.1,72.0,liverpool
2021-01-24,FA Cup,Away,L,2,3,Manchester Utd,,,58.0,liverpool
2021-01-28,Premier League,Away,W,3,1,Tottenham,2.5,0.1,50.0,liverpool
2021-01-31,Premier League,Away,W,3,1,West Ham,2.0,0.8,67.0,liverpool
2021-02-03,Premier League,Home,L,0,1,Brighton,1.0,1.3,63.0,liverpool
2021-02-07,Premier League,Home,L,1,4,Manchester City,1.2,3.5,56.0,liverpool
2021-02-13,Premier League,Away,L,1,3,Leicester City,1.7,1.9,62.0,liverpool
2021-02-16,Champions Lg,Away,W,2,0,de RB Leipzig,1.4,1.3,51.0,liverpool
2021-02-20,Premier League,Home,L,0,2,Everton,1.4,1.6,71.0,liverpool
2021-02-28,Premier League,Away,W,2,0,Sheffield Utd,2.7,0.7,60.0,liverpool
2021-03-04,Premier League,Home,L,0,1,Chelsea,0.3,1.0,54.0,liverpool
2021-03-07,Premier League,Home,L,0,1,Fulham,0.9,1.3,63.0,liverpool
2021-03-10,Champions Lg,Home,W,2,0,de RB Leipzig,2.4,0.9,41.0,liverpool
2021-03-15,Premier League,Away,W,1,0,Wolves,0.9,1.1,47.0,liverpool
2021-04-03,Premier League,Away,W,3,0,Arsenal,2.4,0.1,64.0,liverpool
2021-04-06,Champions Lg,Away,L,1,3,es Real Madrid,0.7,2.1,55.0,liverpool
2021-04-10,Premier League,Home,W,2,1,Aston Villa,2.3,0.5,65.0,liverpool
2021-04-14,Champions Lg,Home,D,0,0,es Real Madrid,1.2,0.8,56.0,liverpool
2021-04-19,Premier League,Away,D,1,1,Leeds United,1.4,2.3,39.0,liverpool
2021-04-24,Premier League,Home,D,1,1,Newcastle Utd,2.4,1.0,68.0,liverpool
2021-05-08,Premier League,Home,W,2,0,Southampton,1.7,1.1,54.0,liverpool
2021-05-13,Premier League,Away,W,4,2,Manchester Utd,2.7,1.9,47.0,liverpool
2021-05-16,Premier League,Away,W,2,1,West Brom,1.9,1.0,76.0,liverpool
2021-05-19,Premier League,Away,W,3,0,Burnley,2.6,0.8,59.0,liverpool
2021-05-23,Premier League,Home,W,2,0,Crystal Palace,1.6,0.6,69.0,liverpool
2020-09-12,Premier League,Away,W,2,0,West Ham,1.6,1.0,42.0,newcastle
2020-09-15,EFL Cup,Home,W,1,0,Blackburn,,,36.0,newcastle
2020-09-20,Premier League,Home,L,0,3,Brighton,0.5,1.8,47.0,newcastle
2020-09-23,EFL Cup,Away,W,7,0,Morecambe,,,76.0,newcastle
2020-09-27,Premier League,Away,D,1,1,Tottenham,1.0,2.9,34.0,newcastle
2020-09-30,EFL Cup,Away,D,1 (5),1 (4),Newport County,,,65.0,newcastle
2020-10-03,Premier League,Home,W,3,1,Burnley,1.8,0.4,48.0,newcastle
2020-10-17,Premier League,Home,L,1,4,Manchester Utd,0.9,2.3,37.0,newcastle
2020-10-25,Premier League,Away,D,1,1,Wolves,0.3,0.7,37.0,newcastle
2020-11-01,Premier League,Home,W,2,1,Everton,2.9,1.5,39.0,newcastle
2020-11-06,Premier League,Away,L,0,2,Southampton,0.3,0.7,39.0,newcastle
2020-11-21,Premier League,Home,L,0,2,Chelsea,0.3,1.5,30.0,newcastle
2020-11-27,Premier League,Away,W,2,0,Crystal Palace,1.3,0.6,43.0,newcastle
2020-12-12,Premier League,Home,W,2,1,West Brom,0.8,0.6,46.0,newcastle
2020-12-16,Premier League,Away,L,2,5,Leeds United,1.5,2.7,32.0,newcastle
2020-12-19,Premier League,Home,D,1,1,Fulham,1.4,1.0,49.0,newcastle
2020-12-22,EFL Cup,Away,L,0,1,Brentford,,,51.0,newcastle
2020-12-26,Premier League,Away,L,0,2,Manchester City,0.3,3.0,26.0,newcastle
2020-12-30,Premier League,Home,D,0,0,Liverpool,0.5,1.4,28.0,newcastle
2021-01-03,Premier League,Home,L,1,2,Leicester City,0.5,0.6,44.0,newcastle
2021-01-09,FA Cup,Away,L,0,2,Arsenal,,,39.0,newcastle
2021-01-12,Premier League,Away,L,0,1,Sheffield Utd,0.6,2.1,35.0,newcastle
2021-01-18,Premier League,Away,L,0,3,Arsenal,0.2,2.4,34.0,newcastle
2021-01-23,Premier League,Away,L,0,2,Aston Villa,0.5,2.3,42.0,newcastle
2021-01-26,Premier League,Home,L,1,2,Leeds United,1.4,0.7,42.0,newcastle
2021-01-30,Premier League,Away,W,2,0,Everton,1.7,0.8,40.0,newcastle
2021-02-02,Premier League,Home,L,1,2,Crystal Palace,1.9,0.7,61.0,newcastle
2021-02-06,Premier League,Home,W,3,2,Southampton,0.7,1.3,27.0,newcastle
2021-02-15,Premier League,Away,L,0,2,Chelsea,0.6,2.2,36.0,newcastle
2021-02-21,Premier League,Away,L,1,3,Manchester Utd,0.4,1.7,29.0,newcastle
2021-02-27,Premier League,Home,D,1,1,Wolves,1.7,1.1,48.0,newcastle
2021-03-07,Premier League,Away,D,0,0,West Brom,0.5,2.0,47.0,newcastle
2021-03-12,Premier League,Home,D,1,1,Aston Villa,1.5,0.9,49.0,newcastle
2021-03-20,Premier League,Away,L,0,3,Brighton,0.1,0.9,35.0,newcastle
2021-04-04,Premier League,Home,D,2,2,Tottenham,3.4,2.7,42.0,newcastle
2021-04-11,Premier League,Away,W,2,1,Burnley,1.2,2.0,44.0,newcastle
2021-04-17,Premier League,Home,W,3,2,West Ham,2.2,1.9,34.0,newcastle
2021-04-24,Premier League,Away,D,1,1,Liverpool,1.0,2.4,32.0,newcastle
2021-05-02,Premier League,Home,L,0,2,Arsenal,0.3,2.0,39.0,newcastle
2021-05-07,Premier League,Away,W,4,2,Leicester City,2.7,2.2,32.0,newcastle
2021-05-14,Premier League,Home,L,3,4,Manchester City,2.2,1.5,18.0,newcastle
2021-05-19,Premier League,Home,W,1,0,Sheffield Utd,1.6,0.9,51.0,newcastle
2021-05-23,Premier League,Away,W,2,0,Fulham,1.3,1.0,36.0,newcastle
2020-09-12,Premier League,Home,W,1,0,Southampton,1.1,0.9,31.0,palace
2020-09-15,EFL Cup,Away,D,0 (10),0 (11),Bournemouth,,,38.0,palace
2020-09-19,Premier League,Away,W,3,1,Manchester Utd,1.6,1.2,25.0,palace
2020-09-26,Premier League,Home,L,1,2,Everton,0.4,1.9,42.0,palace
2020-10-03,Premier League,Away,L,0,4,Chelsea,0.2,2.7,30.0,palace
2020-10-18,Premier League,Home,D,1,1,Brighton,0.8,1.7,34.0,palace
2020-10-24,Premier League,Away,W,2,1,Fulham,2.5,1.1,36.0,palace
2020-10-30,Premier League,Away,L,0,2,Wolves,0.7,1.3,55.0,palace
2020-11-07,Premier League,Home,W,4,1,Leeds United,0.9,0.8,36.0,palace
2020-11-23,Premier League,Away,L,0,1,Burnley,1.5,1.5,54.0,palace
2020-11-27,Premier League,Home,L,0,2,Newcastle Utd,0.6,1.3,57.0,palace
2020-12-06,Premier League,Away,W,5,1,West Brom,1.6,0.7,50.0,palace
2020-12-13,Premier League,Home,D,1,1,Tottenham,1.6,0.9,44.0,palace
2020-12-16,Premier League,Away,D,1,1,West Ham,1.1,0.4,48.0,palace
2020-12-19,Premier League,Home,L,0,7,Liverpool,0.3,2.5,36.0,palace
2020-12-26,Premier League,Away,L,0,3,Aston Villa,0.9,3.9,61.0,palace
2020-12-28,Premier League,Home,D,1,1,Leicester City,0.5,1.9,34.0,palace
2021-01-02,Premier League,Home,W,2,0,Sheffield Utd,0.6,0.4,44.0,palace
2021-01-08,FA Cup,Away,L,0,1,Wolves,,,47.0,palace
2021-01-14,Premier League,Away,D,0,0,Arsenal,0.8,0.4,33.0,palace
2021-01-17,Premier League,Away,L,0,4,Manchester City,0.1,0.7,29.0,palace
2021-01-26,Premier League,Home,L,2,3,West Ham,0.7,2.8,54.0,palace
2021-01-30,Premier League,Home,W,1,0,Wolves,1.4,0.4,48.0,palace
2021-02-02,Premier League,Away,W,2,1,Newcastle Utd,0.7,1.9,39.0,palace
2021-02-08,Premier League,Away,L,0,2,Leeds United,0.4,1.9,33.0,palace
2021-02-13,Premier League,Home,L,0,3,Burnley,0.5,1.4,54.0,palace
2021-02-22,Premier League,Away,W,2,1,Brighton,0.2,2.4,26.0,palace
2021-02-28,Premier League,Home,D,0,0,Fulham,0.1,1.4,40.0,palace
2021-03-03,Premier League,Home,D,0,0,Manchester Utd,0.9,0.9,37.0,palace
2021-03-07,Premier League,Away,L,1,4,Tottenham,0.5,2.7,37.0,palace
2021-03-13,Premier League,Home,W,1,0,West Brom,1.2,0.8,45.0,palace
2021-04-05,Premier League,Away,D,1,1,Everton,0.7,2.5,52.0,palace
2021-04-10,Premier League,Home,L,1,4,Chelsea,0.4,3.1,36.0,palace
2021-04-26,Premier League,Away,L,1,2,Leicester City,0.7,1.5,34.0,palace
2021-05-01,Premier League,Home,L,0,2,Manchester City,0.9,1.7,32.0,palace
2021-05-08,Premier League,Away,W,2,0,Sheffield Utd,2.0,0.7,50.0,palace
2021-05-11,Premier League,Away,L,1,3,Southampton,1.5,1.2,38.0,palace
2021-05-16,Premier League,Home,W,3,2,Aston Villa,1.9,1.4,45.0,palace
2021-05-19,Premier League,Home,L,1,3,Arsenal,1.0,1.8,32.0,palace
2021-05-23,Premier League,Away,L,0,2,Liverpool,0.6,1.6,31.0,palace
2020-09-14,Premier League,Home,L,0,2,Wolves,1.0,1.4,55.0,sheffield
2020-09-17,EFL Cup,Away,D,1 (4),1 (5),Burnley,,,45.0,sheffield
2020-09-21,Premier League,Away,L,0,1,Aston Villa,0.9,1.0,29.0,sheffield
2020-09-27,Premier League,Home,L,0,1,Leeds United,1.4,1.2,36.0,sheffield
2020-10-04,Premier League,Away,L,1,2,Arsenal,0.2,0.6,36.0,sheffield
2020-10-18,Premier League,Home,D,1,1,Fulham,1.7,1.5,42.0,sheffield
2020-10-24,Premier League,Away,L,1,2,Liverpool,1.6,2.3,38.0,sheffield
2020-10-31,Premier League,Home,L,0,1,Manchester City,0.5,1.6,35.0,sheffield
2020-11-07,Premier League,Away,L,1,4,Chelsea,0.4,2.2,31.0,sheffield
2020-11-22,Premier League,Home,L,0,1,West Ham,0.9,2.1,51.0,sheffield
2020-11-28,Premier League,Away,L,0,1,West Brom,2.9,1.2,51.0,sheffield
2020-12-06,Premier League,Home,L,1,2,Leicester City,0.2,1.4,31.0,sheffield
2020-12-13,Premier League,Away,L,0,3,Southampton,0.3,2.0,33.0,sheffield
2020-12-17,Premier League,Home,L,2,3,Manchester Utd,1.5,1.9,40.0,sheffield
2020-12-20,Premier League,Away,D,1,1,Brighton,0.5,2.8,27.0,sheffield
2020-12-26,Premier League,Home,L,0,1,Everton,1.4,0.7,44.0,sheffield
2020-12-29,Premier League,Away,L,0,1,Burnley,0.7,1.0,63.0,sheffield
2021-01-02,Premier League,Away,L,0,2,Crystal Palace,0.4,0.6,56.0,sheffield
2021-01-09,FA Cup,Away,W,3,2,Bristol Rovers,,,51.0,sheffield
2021-01-12,Premier League,Home,W,1,0,Newcastle Utd,2.1,0.6,65.0,sheffield
2021-01-17,Premier League,Home,L,1,3,Tottenham,0.9,1.0,43.0,sheffield
2021-01-23,FA Cup,Home,W,2,1,Plymouth Argyle,,,57.0,sheffield
2021-01-27,Premier League,Away,W,2,1,Manchester Utd,1.0,1.1,25.0,sheffield
2021-01-30,Premier League,Away,L,0,1,Manchester City,0.2,1.5,25.0,sheffield
2021-02-02,Premier League,Home,W,2,1,West Brom,1.3,1.6,68.0,sheffield
2021-02-07,Premier League,Home,L,1,2,Chelsea,0.6,1.6,32.0,sheffield
2021-02-10,FA Cup,Home,W,1,0,Bristol City,,,63.0,sheffield
2021-02-15,Premier League,Away,L,0,3,West Ham,0.7,1.9,54.0,sheffield
2021-02-20,Premier League,Away,L,0,1,Fulham,0.9,1.2,36.0,sheffield
2021-02-28,Premier League,Home,L,0,2,Liverpool,0.7,2.7,40.0,sheffield
2021-03-03,Premier League,Home,W,1,0,Aston Villa,0.9,2.3,28.0,sheffield
2021-03-06,Premier League,Home,L,0,2,Southampton,0.7,1.9,51.0,sheffield
2021-03-14,Premier League,Away,L,0,5,Leicester City,0.1,4.0,29.0,sheffield
2021-03-21,FA Cup,Away,L,0,2,Chelsea,,,37.0,sheffield
2021-04-03,Premier League,Away,L,1,2,Leeds United,1.1,2.4,46.0,sheffield
2021-04-11,Premier League,Home,L,0,3,Arsenal,0.3,1.7,45.0,sheffield
2021-04-17,Premier League,Away,L,0,1,Wolves,0.5,1.1,52.0,sheffield
2021-04-24,Premier League,Home,W,1,0,Brighton,0.7,2.0,32.0,sheffield
2021-05-02,Premier League,Away,L,0,4,Tottenham,0.5,2.2,34.0,sheffield
2021-05-08,Premier League,Home,L,0,2,Crystal Palace,0.7,2.0,50.0,sheffield
2021-05-16,Premier League,Away,W,1,0,Everton,1.2,1.4,38.0,sheffield
2021-05-19,Premier League,Away,L,0,1,Newcastle Utd,0.9,1.6,49.0,sheffield
2021-05-23,Premier League,Home,W,1,0,Burnley,0.5,1.1,43.0,sheffield
2020-09-12,Premier League,Away,L,0,1,Crystal Palace,0.9,1.1,69.0,southampton
2020-09-16,EFL Cup,Home,L,0,2,Brentford,,,66.0,southampton
2020-09-20,Premier League,Home,L,2,5,Tottenham,2.0,2.1,51.0,southampton
2020-09-26,Premier League,Away,W,1,0,Burnley,0.6,0.5,47.0,southampton
2020-10-04,Premier League,Home,W,2,0,West Brom,1.2,0.2,62.0,southampton
2020-10-17,Premier League,Away,D,3,3,Chelsea,1.9,1.8,47.0,southampton
2020-10-25,Premier League,Home,W,2,0,Everton,0.7,0.4,54.0,southampton
2020-11-01,Premier League,Away,W,4,3,Aston Villa,0.7,1.9,44.0,southampton
2020-11-06,Premier League,Home,W,2,0,Newcastle Utd,0.7,0.3,61.0,southampton
2020-11-23,Premier League,Away,D,1,1,Wolves,1.0,1.5,54.0,southampton
2020-11-29,Premier League,Home,L,2,3,Manchester Utd,0.5,2.1,50.0,southampton
2020-12-07,Premier League,Away,W,2,1,Brighton,1.4,1.9,52.0,southampton
2020-12-13,Premier League,Home,W,3,0,Sheffield Utd,2.0,0.3,67.0,southampton
2020-12-16,Premier League,Away,D,1,1,Arsenal,1.2,0.6,64.0,southampton
2020-12-19,Premier League,Home,L,0,1,Manchester City,0.7,0.9,48.0,southampton
2020-12-26,Premier League,Away,D,0,0,Fulham,0.2,0.7,53.0,southampton
2020-12-29,Premier League,Home,D,0,0,West Ham,0.6,1.2,62.0,southampton
2021-01-04,Premier League,Home,W,1,0,Liverpool,0.4,1.5,34.0,southampton
2021-01-16,Premier League,Away,L,0,2,Leicester City,0.6,2.2,53.0,southampton
2021-01-19,FA Cup,Home,W,2,0,Shrewsbury,,,74.0,southampton
2021-01-23,FA Cup,Home,W,1,0,Arsenal,,,38.0,southampton
2021-01-26,Premier League,Home,L,1,3,Arsenal,0.8,2.2,58.0,southampton
2021-01-30,Premier League,Home,L,0,1,Aston Villa,1.9,0.6,59.0,southampton
2021-02-02,Premier League,Away,L,0,9,Manchester Utd,0.5,4.7,26.0,southampton
2021-02-06,Premier League,Away,L,2,3,Newcastle Utd,1.3,0.7,73.0,southampton
2021-02-11,FA Cup,Away,W,2,0,Wolves,,,53.0,southampton
2021-02-14,Premier League,Home,L,1,2,Wolves,0.8,1.1,51.0,southampton
2021-02-20,Premier League,Home,D,1,1,Chelsea,0.6,1.2,30.0,southampton
2021-02-23,Premier League,Away,L,0,3,Leeds United,0.9,1.3,54.0,southampton
2021-03-01,Premier League,Away,L,0,1,Everton,0.6,1.2,53.0,southampton
2021-03-06,Premier League,Away,W,2,0,Sheffield Utd,1.9,0.7,49.0,southampton
2021-03-10,Premier League,Away,L,2,5,Manchester City,1.6,2.6,42.0,southampton
2021-03-14,Premier League,Home,L,1,2,Brighton,0.6,0.8,59.0,southampton
2021-03-20,FA Cup,Away,W,3,0,Bournemouth,,,56.0,southampton
2021-04-04,Premier League,Home,W,3,2,Burnley,2.2,1.5,53.0,southampton
2021-04-12,Premier League,Away,L,0,3,West Brom,1.5,3.0,60.0,southampton
2021-04-18,FA Cup,Away,L,0,1,Leicester City,,,51.0,southampton
2021-04-21,Premier League,Away,L,1,2,Tottenham,0.8,1.4,38.0,southampton
2021-04-30,Premier League,Home,D,1,1,Leicester City,0.9,1.9,30.0,southampton
2021-05-08,Premier League,Away,L,0,2,Liverpool,1.1,1.7,46.0,southampton
2021-05-11,Premier League,Home,W,3,1,Crystal Palace,1.2,1.5,62.0,southampton
2021-05-15,Premier League,Home,W,3,1,Fulham,1.6,0.8,47.0,southampton
2021-05-18,Premier League,Home,L,0,2,Leeds United,1.6,1.7,51.0,southampton
2021-05-23,Premier League,Away,L,0,3,West Ham,1.5,1.3,62.0,southampton
2020-09-13,Premier League,Home,L,0,1,Everton,1.1,1.2,52.0,tottenham
2020-09-17,Europa Lg,Away,W,2,1,bg Loko Plovdiv,,,,tottenham
2020-09-20,Premier League,Away,W,5,2,Southampton,2.1,2.0,49.0,tottenham
2020-09-22,EFL Cup,Away,W,3,0,Leyton Orient,,,,tottenham
2020-09-24,Europa Lg,Away,W,3,1,mk Shkëndija 79,,,,tottenham
2020-09-27,Premier League,Home,D,1,1,Newcastle Utd,2.9,1.0,66.0,tottenham
2020-09-29,EFL Cup,Home,D,1 (5),1 (4),Chelsea,,,37.0,tottenham
2020-10-01,Europa Lg,Home,W,7,2,il Maccabi Haifa,,,53.0,tottenham
2020-10-04,Premier League,Away,W,6,1,Manchester Utd,3.4,0.9,61.0,tottenham
2020-10-18,Premier League,Home,D,3,3,West Ham,1.7,1.9,50.0,tottenham
2020-10-22,Europa Lg,Home,W,3,0,at LASK,2.3,0.7,55.0,tottenham
2020-10-26,Premier League,Away,W,1,0,Burnley,0.6,1.0,61.0,tottenham
2020-10-29,Europa Lg,Away,L,0,1,be Antwerp,0.7,1.8,56.0,tottenham
2020-11-01,Premier League,Home,W,2,1,Brighton,1.7,0.3,44.0,tottenham
2020-11-05,Europa Lg,Away,W,3,1,bg Ludogorets,4.1,0.8,56.0,tottenham
2020-11-08,Premier League,Away,W,1,0,West Brom,1.9,0.8,58.0,tottenham
2020-11-21,Premier League,Home,W,2,0,Manchester City,0.7,1.4,34.0,tottenham
2020-11-26,Europa Lg,Home,W,4,0,bg Ludogorets,3.3,0.0,61.0,tottenham
2020-11-29,Premier League,Away,D,0,0,Chelsea,0.2,0.8,40.0,tottenham
2020-12-03,Europa Lg,Away,D,3,3,at LASK,2.3,1.0,46.0,tottenham
2020-12-06,Premier League,Home,W,2,0,Arsenal,0.3,0.6,31.0,tottenham
2020-12-10,Europa Lg,Home,W,2,0,be Antwerp,3.2,0.1,45.0,tottenham
2020-12-13,Premier League,Away,D,1,1,Crystal Palace,0.9,1.6,56.0,tottenham
2020-12-16,Premier League,Away,L,1,2,Liverpool,1.1,1.0,25.0,tottenham
2020-12-20,Premier League,Home,L,0,2,Leicester City,0.7,1.7,56.0,tottenham
2020-12-23,EFL Cup,Away,W,3,1,Stoke City,,,66.0,tottenham
2020-12-27,Premier League,Away,D,1,1,Wolves,0.4,0.9,45.0,tottenham
2021-01-02,Premier League,Home,W,3,0,Leeds United,2.6,1.1,37.0,tottenham
2021-01-05,EFL Cup,Home,W,2,0,Brentford,,,54.0,tottenham
2021-01-10,FA Cup,Away,W,5,0,Marine,,,75.0,tottenham
2021-01-13,Premier League,Home,D,1,1,Fulham,2.4,1.1,53.0,tottenham
2021-01-17,Premier League,Away,W,3,1,Sheffield Utd,1.0,0.9,57.0,tottenham
2021-01-25,FA Cup,Away,W,4,1,Wycombe,,,73.0,tottenham
2021-01-28,Premier League,Home,L,1,3,Liverpool,0.1,2.5,50.0,tottenham
2021-01-31,Premier League,Away,L,0,1,Brighton,0.4,1.6,57.0,tottenham
2021-02-04,Premier League,Home,L,0,1,Chelsea,0.6,1.6,43.0,tottenham
2021-02-07,Premier League,Home,W,2,0,West Brom,1.5,0.6,65.0,tottenham
2021-02-10,FA Cup,Away,L,4,5,Everton,,,57.0,tottenham
2021-02-13,Premier League,Away,L,0,3,Manchester City,0.3,2.2,40.0,tottenham
2021-02-18,Europa Lg,Neutral,W,4,1,at Wolfsberger AC,2.3,1.7,61.0,tottenham
2021-02-21,Premier League,Away,L,1,2,West Ham,1.1,1.1,68.0,tottenham
2021-02-24,Europa Lg,Neutral,W,4,0,at Wolfsberger AC,2.2,0.3,55.0,tottenham
2021-02-28,Premier League,Home,W,4,0,Burnley,2.1,0.7,58.0,tottenham
2021-03-04,Premier League,Away,W,1,0,Fulham,1.6,0.7,40.0,tottenham
2021-03-07,Premier League,Home,W,4,1,Crystal Palace,2.7,0.5,63.0,tottenham
2021-03-11,Europa Lg,Home,W,2,0,hr Dinamo Zagreb,1.5,0.3,67.0,tottenham
2021-03-14,Premier League,Away,L,1,2,Arsenal,0.4,1.7,48.0,tottenham
2021-03-18,Europa Lg,Away,L,0,3,hr Dinamo Zagreb,1.9,1.3,57.0,tottenham
2021-03-21,Premier League,Away,W,2,0,Aston Villa,1.8,0.4,50.0,tottenham
2021-04-04,Premier League,Away,D,2,2,Newcastle Utd,2.7,3.4,58.0,tottenham
2021-04-11,Premier League,Home,L,1,3,Manchester Utd,0.9,2.1,47.0,tottenham
2021-04-16,Premier League,Away,D,2,2,Everton,1.4,1.8,47.0,tottenham
2021-04-21,Premier League,Home,W,2,1,Southampton,1.4,0.8,62.0,tottenham
2021-04-25,EFL Cup,Away,L,0,1,Manchester City,,,38.0,tottenham
2021-05-02,Premier League,Home,W,4,0,Sheffield Utd,2.2,0.5,66.0,tottenham
2021-05-08,Premier League,Away,L,1,3,Leeds United,0.9,2.5,47.0,tottenham
2021-05-16,Premier League,Home,W,2,0,Wolves,3.2,0.9,62.0,tottenham
2021-05-19,Premier League,Home,L,1,2,Aston Villa,0.8,1.4,60.0,tottenham
2021-05-23,Premier League,Away,W,4,2,Leicester City,1.5,1.9,53.0,tottenham
2020-09-19,Premier League,Home,L,1,3,Crystal Palace,1.2,1.6,75.0,united
2020-09-22,EFL Cup,Away,W,3,0,Luton Town,,,58.0,united
2020-09-26,Premier League,Away,W,3,2,Brighton,1.5,2.5,47.0,united
2020-09-30,EFL Cup,Away,W,3,0,Brighton,,,49.0,united
2020-10-04,Premier League,Home,L,1,6,Tottenham,0.9,3.4,39.0,united
2020-10-17,Premier League,Away,W,4,1,Newcastle Utd,2.3,0.9,63.0,united
2020-10-20,Champions Lg,Away,W,2,1,fr Paris S-G,1.4,1.4,39.0,united
2020-10-24,Premier League,Home,D,0,0,Chelsea,0.6,0.2,51.0,united
2020-10-28,Champions Lg,Home,W,5,0,de RB Leipzig,3.2,0.5,47.0,united
2020-11-01,Premier League,Home,L,0,1,Arsenal,0.4,1.0,54.0,united
2020-11-04,Champions Lg,Away,L,1,2,tr Başakşehir,0.7,1.0,68.0,united
2020-11-07,Premier League,Away,W,3,1,Everton,1.5,0.4,45.0,united
2020-11-21,Premier League,Home,W,1,0,West Brom,2.4,0.6,63.0,united
2020-11-24,Champions Lg,Home,W,4,1,tr Başakşehir,2.9,1.3,52.0,united
2020-11-29,Premier League,Away,W,3,2,Southampton,2.1,0.5,50.0,united
2020-12-02,Champions Lg,Home,L,1,3,fr Paris S-G,1.2,2.8,45.0,united
2020-12-05,Premier League,Away,W,3,1,West Ham,1.7,2.0,60.0,united
2020-12-08,Champions Lg,Away,L,2,3,de RB Leipzig,2.0,1.5,55.0,united
2020-12-12,Premier League,Home,D,0,0,Manchester City,0.6,1.3,46.0,united
2020-12-17,Premier League,Away,W,3,2,Sheffield Utd,1.9,1.5,60.0,united
2020-12-20,Premier League,Home,W,6,2,Leeds United,3.6,1.8,41.0,united
2020-12-23,EFL Cup,Away,W,2,0,Everton,,,65.0,united
2020-12-26,Premier League,Away,D,2,2,Leicester City,1.7,0.9,46.0,united
2020-12-29,Premier League,Home,W,1,0,Wolves,1.5,0.5,58.0,united
2021-01-01,Premier League,Home,W,2,1,Aston Villa,2.1,1.4,48.0,united
2021-01-06,EFL Cup,Home,L,0,2,Manchester City,,,40.0,united
2021-01-09,FA Cup,Home,W,1,0,Watford,,,66.0,united
2021-01-12,Premier League,Away,W,1,0,Burnley,1.2,0.9,62.0,united
2021-01-17,Premier League,Away,D,0,0,Liverpool,1.1,1.2,35.0,united
2021-01-20,Premier League,Away,W,2,1,Fulham,1.7,0.9,62.0,united
2021-01-24,FA Cup,Home,W,3,2,Liverpool,,,42.0,united
2021-01-27,Premier League,Home,L,1,2,Sheffield Utd,1.1,1.0,75.0,united
2021-01-30,Premier League,Away,D,0,0,Arsenal,1.6,0.9,57.0,united
2021-02-02,Premier League,Home,W,9,0,Southampton,4.7,0.5,74.0,united
2021-02-06,Premier League,Home,D,3,3,Everton,1.8,1.5,61.0,united
2021-02-09,FA Cup,Home,W,1,0,West Ham,,,62.0,united
2021-02-14,Premier League,Away,D,1,1,West Brom,0.5,1.0,73.0,united
2021-02-18,Europa Lg,Neutral,W,4,0,es Real Sociedad,3.0,0.7,41.0,united
2021-02-21,Premier League,Home,W,3,1,Newcastle Utd,1.7,0.4,71.0,united
2021-02-25,Europa Lg,Neutral,D,0,0,es Real Sociedad,0.6,1.4,57.0,united
2021-02-28,Premier League,Away,D,0,0,Chelsea,0.4,1.1,43.0,united
2021-03-03,Premier League,Away,D,0,0,Crystal Palace,0.9,0.9,63.0,united
2021-03-07,Premier League,Away,W,2,0,Manchester City,1.7,1.3,34.0,united
2021-03-11,Europa Lg,Home,D,1,1,it Milan,1.4,1.0,51.0,united
2021-03-14,Premier League,Home,W,1,0,West Ham,1.5,0.6,61.0,united
2021-03-18,Europa Lg,Away,W,1,0,it Milan,0.8,0.9,49.0,united
2021-03-21,FA Cup,Away,L,1,3,Leicester City,,,52.0,united
2021-04-04,Premier League,Home,W,2,1,Brighton,1.5,1.2,57.0,united
2021-04-08,Europa Lg,Away,W,2,0,es Granada,2.2,0.4,66.0,united
2021-04-11,Premier League,Away,W,3,1,Tottenham,2.1,0.9,53.0,united
2021-04-15,Europa Lg,Home,W,2,0,es Granada,1.3,0.7,58.0,united
2021-04-18,Premier League,Home,W,3,1,Burnley,2.5,0.9,69.0,united
2021-04-25,Premier League,Away,D,0,0,Leeds United,1.2,0.3,56.0,united
2021-04-29,Europa Lg,Home,W,6,2,it Roma,4.1,1.8,63.0,united
2021-05-06,Europa Lg,Away,L,2,3,it Roma,2.0,4.3,47.0,united
2021-05-09,Premier League,Away,W,3,1,Aston Villa,1.7,0.5,59.0,united
2021-05-11,Premier League,Home,L,1,2,Leicester City,0.2,0.9,53.0,united
2021-05-13,Premier League,Home,L,2,4,Liverpool,1.9,2.7,53.0,united
2021-05-18,Premier League,Home,D,1,1,Fulham,0.9,0.9,57.0,united
2021-05-23,Premier League,Away,W,2,1,Wolves,2.0,0.9,43.0,united
2021-05-26,Europa Lg,Away,D,1 (10),1 (11),es Villarreal,0.9,0.9,60.0,united
2020-09-13,Premier League,Home,L,0,3,Leicester City,0.4,2.8,36.0,west-brom
2020-09-16,EFL Cup,Home,W,3,0,Harrogate,,,58.0,west-brom
2020-09-19,Premier League,Away,L,2,5,Everton,0.3,3.9,29.0,west-brom
2020-09-22,EFL Cup,Home,D,2 (4),2 (5),Brentford,,,51.0,west-brom
2020-09-26,Premier League,Home,D,3,3,Chelsea,0.6,2.0,25.0,west-brom
2020-10-04,Premier League,Away,L,0,2,Southampton,0.2,1.2,38.0,west-brom
2020-10-19,Premier League,Home,D,0,0,Burnley,0.8,1.1,57.0,west-brom
2020-10-26,Premier League,Away,D,1,1,Brighton,0.4,0.5,50.0,west-brom
2020-11-02,Premier League,Away,L,0,2,Fulham,0.5,1.5,53.0,west-brom
2020-11-08,Premier League,Home,L,0,1,Tottenham,0.8,1.9,42.0,west-brom
2020-11-21,Premier League,Away,L,0,1,Manchester Utd,0.6,2.4,37.0,west-brom
2020-11-28,Premier League,Home,W,1,0,Sheffield Utd,1.2,2.9,49.0,west-brom
2020-12-06,Premier League,Home,L,1,5,Crystal Palace,0.7,1.6,50.0,west-brom
2020-12-12,Premier League,Away,L,1,2,Newcastle Utd,0.6,0.8,54.0,west-brom
2020-12-15,Premier League,Away,D,1,1,Manchester City,0.4,2.2,23.0,west-brom
2020-12-20,Premier League,Home,L,0,3,Aston Villa,0.0,2.4,33.0,west-brom
2020-12-27,Premier League,Away,D,1,1,Liverpool,0.6,1.5,23.0,west-brom
2020-12-29,Premier League,Home,L,0,5,Leeds United,0.5,1.2,25.0,west-brom
2021-01-02,Premier League,Home,L,0,4,Arsenal,1.0,3.7,39.0,west-brom
2021-01-09,FA Cup,Away,D,2 (2),2 (3),Blackpool,,,60.0,west-brom
2021-01-16,Premier League,Away,W,3,2,Wolves,2.4,1.5,33.0,west-brom
2021-01-19,Premier League,Away,L,1,2,West Ham,0.5,2.0,41.0,west-brom
2021-01-26,Premier League,Home,L,0,5,Manchester City,0.5,1.8,23.0,west-brom
2021-01-30,Premier League,Home,D,2,2,Fulham,1.0,1.3,38.0,west-brom
2021-02-02,Premier League,Away,L,1,2,Sheffield Utd,1.6,1.3,32.0,west-brom
2021-02-07,Premier League,Away,L,0,2,Tottenham,0.6,1.5,35.0,west-brom
2021-02-14,Premier League,Home,D,1,1,Manchester Utd,1.0,0.5,27.0,west-brom
2021-02-20,Premier League,Away,D,0,0,Burnley,1.6,0.5,38.0,west-brom
2021-02-27,Premier League,Home,W,1,0,Brighton,0.8,2.9,32.0,west-brom
2021-03-04,Premier League,Home,L,0,1,Everton,1.0,1.0,49.0,west-brom
2021-03-07,Premier League,Home,D,0,0,Newcastle Utd,2.0,0.5,53.0,west-brom
2021-03-13,Premier League,Away,L,0,1,Crystal Palace,0.8,1.2,55.0,west-brom
2021-04-03,Premier League,Away,W,5,2,Chelsea,1.6,2.1,35.0,west-brom
2021-04-12,Premier League,Home,W,3,0,Southampton,3.0,1.5,40.0,west-brom
2021-04-22,Premier League,Away,L,0,3,Leicester City,0.5,2.1,28.0,west-brom
2021-04-25,Premier League,Away,D,2,2,Aston Villa,1.5,3.2,30.0,west-brom
2021-05-03,Premier League,Home,D,1,1,Wolves,1.1,1.0,43.0,west-brom
2021-05-09,Premier League,Away,L,1,3,Arsenal,1.8,0.9,35.0,west-brom
2021-05-16,Premier League,Home,L,1,2,Liverpool,1.0,1.9,24.0,west-brom
2021-05-19,Premier League,Home,L,1,3,West Ham,1.1,3.4,52.0,west-brom
2021-05-23,Premier League,Away,L,1,3,Leeds United,1.0,2.3,36.0,west-brom
2020-09-12,Premier League,Home,L,0,2,Newcastle Utd,1.0,1.6,58.0,west-ham
2020-09-15,EFL Cup,Home,W,3,0,Charlton Ath,,,62.0,west-ham
2020-09-19,Premier League,Away,L,1,2,Arsenal,2.0,1.1,38.0,west-ham
2020-09-22,EFL Cup,Home,W,5,1,Hull City,,,62.0,west-ham
2020-09-27,Premier League,Home,W,4,0,Wolves,2.4,0.5,37.0,west-ham
2020-09-30,EFL Cup,Away,L,1,4,Everton,,,48.0,west-ham
2020-10-04,Premier League,Away,W,3,0,Leicester City,2.0,0.6,31.0,west-ham
2020-10-18,Premier League,Away,D,3,3,Tottenham,1.9,1.7,50.0,west-ham
2020-10-24,Premier League,Home,D,1,1,Manchester City,0.3,1.0,31.0,west-ham
2020-10-31,Premier League,Away,L,1,2,Liverpool,0.3,1.7,28.0,west-ham
2020-11-07,Premier League,Home,W,1,0,Fulham,1.3,1.7,53.0,west-ham
2020-11-22,Premier League,Away,W,1,0,Sheffield Utd,2.1,0.9,49.0,west-ham
2020-11-30,Premier League,Home,W,2,1,Aston Villa,0.4,2.5,34.0,west-ham
2020-12-05,Premier League,Home,L,1,3,Manchester Utd,2.0,1.7,40.0,west-ham
2020-12-11,Premier League,Away,W,2,1,Leeds United,1.3,1.6,37.0,west-ham
2020-12-16,Premier League,Home,D,1,1,Crystal Palace,0.4,1.1,52.0,west-ham
2020-12-21,Premier League,Away,L,0,3,Chelsea,0.4,2.0,47.0,west-ham
2020-12-27,Premier League,Home,D,2,2,Brighton,1.3,1.1,44.0,west-ham
2020-12-29,Premier League,Away,D,0,0,Southampton,1.2,0.6,38.0,west-ham
2021-01-01,Premier League,Away,W,1,0,Everton,1.3,0.4,40.0,west-ham
2021-01-11,FA Cup,Away,W,1,0,Stockport,,,62.0,west-ham
2021-01-16,Premier League,Home,W,1,0,Burnley,1.7,0.5,45.0,west-ham
2021-01-19,Premier League,Home,W,2,1,West Brom,2.0,0.5,59.0,west-ham
2021-01-23,FA Cup,Home,W,4,0,Doncaster,,,67.0,west-ham
2021-01-26,Premier League,Away,W,3,2,Crystal Palace,2.8,0.7,46.0,west-ham
2021-01-31,Premier League,Home,L,1,3,Liverpool,0.8,2.0,33.0,west-ham
2021-02-03,Premier League,Away,W,3,1,Aston Villa,1.7,0.7,44.0,west-ham
2021-02-06,Premier League,Away,D,0,0,Fulham,1.0,1.5,40.0,west-ham
2021-02-09,FA Cup,Away,L,0,1,Manchester Utd,,,38.0,west-ham
2021-02-15,Premier League,Home,W,3,0,Sheffield Utd,1.9,0.7,46.0,west-ham
2021-02-21,Premier League,Home,W,2,1,Tottenham,1.1,1.1,32.0,west-ham
2021-02-27,Premier League,Away,L,1,2,Manchester City,1.5,0.5,37.0,west-ham
2021-03-08,Premier League,Home,W,2,0,Leeds United,1.8,1.4,35.0,west-ham
2021-03-14,Premier League,Away,L,0,1,Manchester Utd,0.6,1.5,39.0,west-ham
2021-03-21,Premier League,Home,D,3,3,Arsenal,2.4,1.4,38.0,west-ham
2021-04-05,Premier League,Away,W,3,2,Wolves,1.3,2.1,35.0,west-ham
2021-04-11,Premier League,Home,W,3,2,Leicester City,0.8,0.9,37.0,west-ham
2021-04-17,Premier League,Away,L,2,3,Newcastle Utd,1.9,2.2,66.0,west-ham
2021-04-24,Premier League,Home,L,0,1,Chelsea,0.4,2.5,45.0,west-ham
2021-05-03,Premier League,Away,W,2,1,Burnley,2.3,2.0,55.0,west-ham
2021-05-09,Premier League,Home,L,0,1,Everton,1.3,1.5,68.0,west-ham
2021-05-15,Premier League,Away,D,1,1,Brighton,1.7,0.8,49.0,west-ham
2021-05-19,Premier League,Away,W,3,1,West Brom,3.4,1.1,48.0,west-ham
2021-05-23,Premier League,Home,W,3,0,Southampton,1.3,1.5,38.0,west-ham
2020-09-14,Premier League,Away,W,2,0,Sheffield Utd,1.4,1.0,45.0,wolves
2020-09-17,EFL Cup,Home,L,0,1,Stoke City,,,65.0,wolves
2020-09-21,Premier League,Home,L,1,3,Manchester City,0.6,1.9,35.0,wolves
2020-09-27,Premier League,Away,L,0,4,West Ham,0.5,2.4,63.0,wolves
2020-10-04,Premier League,Home,W,1,0,Fulham,1.2,0.9,48.0,wolves
2020-10-19,Premier League,Away,W,1,0,Leeds United,0.4,1.0,34.0,wolves
2020-10-25,Premier League,Home,D,1,1,Newcastle Utd,0.7,0.3,63.0,wolves
2020-10-30,Premier League,Home,W,2,0,Crystal Palace,1.3,0.7,45.0,wolves
2020-11-08,Premier League,Away,L,0,1,Leicester City,0.8,2.0,51.0,wolves
2020-11-23,Premier League,Home,D,1,1,Southampton,1.5,1.0,46.0,wolves
2020-11-29,Premier League,Away,W,2,1,Arsenal,1.8,1.5,44.0,wolves
2020-12-06,Premier League,Away,L,0,4,Liverpool,0.4,1.2,40.0,wolves
2020-12-12,Premier League,Home,L,0,1,Aston Villa,1.1,1.4,50.0,wolves
2020-12-15,Premier League,Home,W,2,1,Chelsea,0.5,1.0,45.0,wolves
2020-12-21,Premier League,Away,L,1,2,Burnley,1.5,1.7,63.0,wolves
2020-12-27,Premier League,Home,D,1,1,Tottenham,0.9,0.4,55.0,wolves
2020-12-29,Premier League,Away,L,0,1,Manchester Utd,0.5,1.5,42.0,wolves
2021-01-02,Premier League,Away,D,3,3,Brighton,1.6,2.2,46.0,wolves
2021-01-08,FA Cup,Home,W,1,0,Crystal Palace,,,54.0,wolves
2021-01-12,Premier League,Home,L,1,2,Everton,0.7,0.6,52.0,wolves
2021-01-16,Premier League,Home,L,2,3,West Brom,1.5,2.4,67.0,wolves
2021-01-22,FA Cup,Away,W,1,0,Chorley,,,76.0,wolves
2021-01-27,Premier League,Away,D,0,0,Chelsea,0.5,0.7,22.0,wolves
2021-01-30,Premier League,Away,L,0,1,Crystal Palace,0.4,1.4,52.0,wolves
2021-02-02,Premier League,Home,W,2,1,Arsenal,1.5,0.8,55.0,wolves
2021-02-07,Premier League,Home,D,0,0,Leicester City,1.1,0.8,44.0,wolves
2021-02-11,FA Cup,Home,L,0,2,Southampton,,,47.0,wolves
2021-02-14,Premier League,Away,W,2,1,Southampton,1.1,0.8,49.0,wolves
2021-02-19,Premier League,Home,W,1,0,Leeds United,0.6,1.7,42.0,wolves
2021-02-27,Premier League,Away,D,1,1,Newcastle Utd,1.1,1.7,52.0,wolves
2021-03-02,Premier League,Away,L,1,4,Manchester City,0.3,3.3,28.0,wolves
2021-03-06,Premier League,Away,D,0,0,Aston Villa,1.6,0.6,51.0,wolves
2021-03-15,Premier League,Home,L,0,1,Liverpool,1.1,0.9,53.0,wolves
2021-04-05,Premier League,Home,L,2,3,West Ham,2.1,1.3,65.0,wolves
2021-04-09,Premier League,Away,W,1,0,Fulham,0.5,0.9,50.0,wolves
2021-04-17,Premier League,Home,W,1,0,Sheffield Utd,1.1,0.5,48.0,wolves
2021-04-25,Premier League,Home,L,0,4,Burnley,0.4,2.0,58.0,wolves
2021-05-03,Premier League,Away,D,1,1,West Brom,1.0,1.1,57.0,wolves
2021-05-09,Premier League,Home,W,2,1,Brighton,1.1,0.3,61.0,wolves
2021-05-16,Premier League,Away,L,0,2,Tottenham,0.9,3.2,38.0,wolves
2021-05-19,Premier League,Away,L,0,1,Everton,0.3,0.7,59.0,wolves
2021-05-23,Premier League,Home,L,1,2,Manchester Utd,0.9,2.0,57.0,wolves
