Date,Comp,Day,Venue,Result,GF,GA,Opponent,Poss,team,Match Number
2015-08-02,Community Shield,Sun,Neutral,W,1,0,Chelsea,43.0,arsenal,
2015-08-09,Premier League,Sun,Home,L,0,2,West Ham,62.0,arsenal,1.0
2015-08-16,Premier League,Sun,Away,W,2,1,Crystal Palace,59.0,arsenal,2.0
2015-08-24,Premier League,Mon,Home,D,0,0,Liverpool,66.0,arsenal,3.0
2015-08-29,Premier League,Sat,Away,W,1,0,Newcastle Utd,74.0,arsenal,4.0
2015-09-12,Premier League,Sat,Home,W,2,0,Stoke City,68.0,arsenal,5.0
2015-09-16,Champions Lg,Wed,Away,L,1,2,hr Dinamo Zagreb,58.0,arsenal,
2015-09-19,Premier League,Sat,Away,L,0,2,Chelsea,37.0,arsenal,6.0
2015-09-23,League Cup,Wed,Away,W,2,1,Tottenham,,arsenal,
2015-09-26,Premier League,Sat,Away,W,5,2,Leicester City,58.0,arsenal,7.0
2015-09-29,Champions Lg,Tue,Home,L,2,3,gr Olympiacos,63.0,arsenal,
2015-10-04,Premier League,Sun,Home,W,3,0,Manchester Utd,38.0,arsenal,8.0
2015-10-17,Premier League,Sat,Away,W,3,0,Watford,67.0,arsenal,9.0
2015-10-20,Champions Lg,Tue,Home,W,2,0,de Bayern Munich,32.0,arsenal,
2015-10-24,Premier League,Sat,Home,W,2,1,Everton,56.0,arsenal,10.0
2015-10-27,League Cup,Tue,Away,L,0,3,Sheffield Weds,,arsenal,
2015-10-31,Premier League,Sat,Away,W,3,0,Swansea City,46.0,arsenal,11.0
2015-11-04,Champions Lg,Wed,Away,L,1,5,de Bayern Munich,35.0,arsenal,
2015-11-08,Premier League,Sun,Home,D,1,1,Tottenham,55.0,arsenal,12.0
2015-11-21,Premier League,Sat,Away,L,1,2,West Brom,73.0,arsenal,13.0
2015-11-24,Champions Lg,Tue,Home,W,3,0,hr Dinamo Zagreb,52.0,arsenal,
2015-11-29,Premier League,Sun,Away,D,1,1,Norwich City,63.0,arsenal,14.0
2015-12-05,Premier League,Sat,Home,W,3,1,Sunderland,73.0,arsenal,15.0
2015-12-09,Champions Lg,Wed,Away,W,3,0,gr Olympiacos,50.0,arsenal,
2015-12-13,Premier League,Sun,Away,W,2,0,Aston Villa,54.0,arsenal,16.0
2015-12-21,Premier League,Mon,Home,W,2,1,Manchester City,37.0,arsenal,17.0
2015-12-26,Premier League,Sat,Away,L,0,4,Southampton,65.0,arsenal,18.0
2015-12-28,Premier League,Mon,Home,W,2,0,Bournemouth,51.0,arsenal,19.0
2016-01-02,Premier League,Sat,Home,W,1,0,Newcastle Utd,51.0,arsenal,20.0
2016-01-09,FA Cup,Sat,Home,W,3,1,Sunderland,,arsenal,
2016-01-13,Premier League,Wed,Away,D,3,3,Liverpool,41.0,arsenal,21.0
2016-01-17,Premier League,Sun,Away,D,0,0,Stoke City,55.0,arsenal,22.0
2016-01-24,Premier League,Sun,Home,L,0,1,Chelsea,47.0,arsenal,23.0
2016-01-30,FA Cup,Sat,Home,W,2,1,Burnley,,arsenal,
2016-02-02,Premier League,Tue,Home,D,0,0,Southampton,67.0,arsenal,24.0
2016-02-07,Premier League,Sun,Away,W,2,0,Bournemouth,49.0,arsenal,25.0
2016-02-14,Premier League,Sun,Home,W,2,1,Leicester City,72.0,arsenal,26.0
2016-02-20,FA Cup,Sat,Home,D,0,0,Hull City,,arsenal,
2016-02-23,Champions Lg,Tue,Home,L,0,2,es Barcelona,35.0,arsenal,
2016-02-28,Premier League,Sun,Away,L,2,3,Manchester Utd,61.0,arsenal,27.0
2016-03-02,Premier League,Wed,Home,L,1,2,Swansea City,63.0,arsenal,28.0
2016-03-05,Premier League,Sat,Away,D,2,2,Tottenham,48.0,arsenal,29.0
2016-03-08,FA Cup,Tue,Away,W,4,0,Hull City,,arsenal,
2016-03-13,FA Cup,Sun,Home,L,1,2,Watford,,arsenal,
2016-03-16,Champions Lg,Wed,Away,L,1,3,es Barcelona,38.0,arsenal,
2016-03-19,Premier League,Sat,Away,W,2,0,Everton,46.0,arsenal,30.0
2016-04-02,Premier League,Sat,Home,W,4,0,Watford,69.0,arsenal,31.0
2016-04-09,Premier League,Sat,Away,D,3,3,West Ham,61.0,arsenal,32.0
2016-04-17,Premier League,Sun,Home,D,1,1,Crystal Palace,72.0,arsenal,33.0
2016-04-21,Premier League,Thu,Home,W,2,0,West Brom,71.0,arsenal,34.0
2016-04-24,Premier League,Sun,Away,D,0,0,Sunderland,70.0,arsenal,35.0
2016-04-30,Premier League,Sat,Home,W,1,0,Norwich City,69.0,arsenal,36.0
2016-05-08,Premier League,Sun,Away,D,2,2,Manchester City,43.0,arsenal,37.0
2016-05-15,Premier League,Sun,Home,W,4,0,Aston Villa,60.0,arsenal,38.0
2015-08-08,Premier League,Sat,Away,W,1,0,Bournemouth,42.0,aston-villa,1.0
2015-08-14,Premier League,Fri,Home,L,0,1,Manchester Utd,46.0,aston-villa,2.0
2015-08-22,Premier League,Sat,Away,L,1,2,Crystal Palace,50.0,aston-villa,3.0
2015-08-25,League Cup,Tue,Home,W,5,3,Notts County,,aston-villa,
2015-08-29,Premier League,Sat,Home,D,2,2,Sunderland,62.0,aston-villa,4.0
2015-09-13,Premier League,Sun,Away,L,2,3,Leicester City,51.0,aston-villa,5.0
2015-09-19,Premier League,Sat,Home,L,0,1,West Brom,60.0,aston-villa,6.0
2015-09-22,League Cup,Tue,Home,W,1,0,Birmingham City,,aston-villa,
2015-09-26,Premier League,Sat,Away,L,2,3,Liverpool,38.0,aston-villa,7.0
2015-10-03,Premier League,Sat,Home,L,0,1,Stoke City,56.0,aston-villa,8.0
2015-10-17,Premier League,Sat,Away,L,0,2,Chelsea,51.0,aston-villa,9.0
2015-10-24,Premier League,Sat,Home,L,1,2,Swansea City,48.0,aston-villa,10.0
2015-10-28,League Cup,Wed,Away,L,1,2,Southampton,,aston-villa,
2015-11-02,Premier League,Mon,Away,L,1,3,Tottenham,39.0,aston-villa,11.0
2015-11-08,Premier League,Sun,Home,D,0,0,Manchester City,41.0,aston-villa,12.0
2015-11-21,Premier League,Sat,Away,L,0,4,Everton,40.0,aston-villa,13.0
2015-11-28,Premier League,Sat,Home,L,2,3,Watford,65.0,aston-villa,14.0
2015-12-05,Premier League,Sat,Away,D,1,1,Southampton,37.0,aston-villa,15.0
2015-12-13,Premier League,Sun,Home,L,0,2,Arsenal,46.0,aston-villa,16.0
2015-12-19,Premier League,Sat,Away,D,1,1,Newcastle Utd,53.0,aston-villa,17.0
2015-12-26,Premier League,Sat,Home,D,1,1,West Ham,59.0,aston-villa,18.0
2015-12-28,Premier League,Mon,Away,L,0,2,Norwich City,52.0,aston-villa,19.0
2016-01-02,Premier League,Sat,Away,L,1,3,Sunderland,55.0,aston-villa,20.0
2016-01-09,FA Cup,Sat,Away,D,1,1,Wycombe,,aston-villa,
2016-01-12,Premier League,Tue,Home,W,1,0,Crystal Palace,51.0,aston-villa,21.0
2016-01-16,Premier League,Sat,Home,D,1,1,Leicester City,57.0,aston-villa,22.0
2016-01-19,FA Cup,Tue,Home,W,2,0,Wycombe,,aston-villa,
2016-01-23,Premier League,Sat,Away,D,0,0,West Brom,61.0,aston-villa,23.0
2016-01-30,FA Cup,Sat,Home,L,0,4,Manchester City,,aston-villa,
2016-02-02,Premier League,Tue,Away,L,0,2,West Ham,32.0,aston-villa,24.0
2016-02-06,Premier League,Sat,Home,W,2,0,Norwich City,48.0,aston-villa,25.0
2016-02-14,Premier League,Sun,Home,L,0,6,Liverpool,39.0,aston-villa,26.0
2016-02-27,Premier League,Sat,Away,L,1,2,Stoke City,45.0,aston-villa,27.0
2016-03-01,Premier League,Tue,Home,L,1,3,Everton,47.0,aston-villa,28.0
2016-03-05,Premier League,Sat,Away,L,0,4,Manchester City,29.0,aston-villa,29.0
2016-03-13,Premier League,Sun,Home,L,0,2,Tottenham,38.0,aston-villa,30.0
2016-03-19,Premier League,Sat,Away,L,0,1,Swansea City,46.0,aston-villa,31.0
2016-04-02,Premier League,Sat,Home,L,0,4,Chelsea,42.0,aston-villa,32.0
2016-04-09,Premier League,Sat,Home,L,1,2,Bournemouth,41.0,aston-villa,33.0
2016-04-16,Premier League,Sat,Away,L,0,1,Manchester Utd,34.0,aston-villa,34.0
2016-04-23,Premier League,Sat,Home,L,2,4,Southampton,42.0,aston-villa,35.0
2016-04-30,Premier League,Sat,Away,L,2,3,Watford,35.0,aston-villa,36.0
2016-05-07,Premier League,Sat,Home,D,0,0,Newcastle Utd,46.0,aston-villa,37.0
2016-05-15,Premier League,Sun,Away,L,0,4,Arsenal,40.0,aston-villa,38.0
2015-08-08,Premier League,Sat,Home,L,0,1,Aston Villa,58.0,bournemouth,1.0
2015-08-17,Premier League,Mon,Away,L,0,1,Liverpool,45.0,bournemouth,2.0
2015-08-22,Premier League,Sat,Away,W,4,3,West Ham,54.0,bournemouth,3.0
2015-08-25,League Cup,Tue,Away,W,4,0,Hartlepool Utd,,bournemouth,
2015-08-29,Premier League,Sat,Home,D,1,1,Leicester City,56.0,bournemouth,4.0
2015-09-12,Premier League,Sat,Away,L,1,3,Norwich City,52.0,bournemouth,5.0
2015-09-19,Premier League,Sat,Home,W,2,0,Sunderland,53.0,bournemouth,6.0
2015-09-22,League Cup,Tue,Away,D,2 (3),2 (2),Preston,,bournemouth,
2015-09-26,Premier League,Sat,Away,L,1,2,Stoke City,56.0,bournemouth,7.0
2015-10-03,Premier League,Sat,Home,D,1,1,Watford,54.0,bournemouth,8.0
2015-10-17,Premier League,Sat,Away,L,1,5,Manchester City,46.0,bournemouth,9.0
2015-10-25,Premier League,Sun,Home,L,1,5,Tottenham,46.0,bournemouth,10.0
2015-10-28,League Cup,Wed,Away,L,0,1,Liverpool,,bournemouth,
2015-11-01,Premier League,Sun,Away,L,0,2,Southampton,52.0,bournemouth,11.0
2015-11-07,Premier League,Sat,Home,L,0,1,Newcastle Utd,67.0,bournemouth,12.0
2015-11-21,Premier League,Sat,Away,D,2,2,Swansea City,57.0,bournemouth,13.0
2015-11-28,Premier League,Sat,Home,D,3,3,Everton,57.0,bournemouth,14.0
2015-12-05,Premier League,Sat,Away,W,1,0,Chelsea,37.0,bournemouth,15.0
2015-12-12,Premier League,Sat,Home,W,2,1,Manchester Utd,44.0,bournemouth,16.0
2015-12-19,Premier League,Sat,Away,W,2,1,West Brom,67.0,bournemouth,17.0
2015-12-26,Premier League,Sat,Home,D,0,0,Crystal Palace,55.0,bournemouth,18.0
2015-12-28,Premier League,Mon,Away,L,0,2,Arsenal,49.0,bournemouth,19.0
2016-01-02,Premier League,Sat,Away,D,0,0,Leicester City,47.0,bournemouth,20.0
2016-01-09,FA Cup,Sat,Away,W,2,1,Birmingham City,,bournemouth,
2016-01-12,Premier League,Tue,Home,L,1,3,West Ham,49.0,bournemouth,21.0
2016-01-16,Premier League,Sat,Home,W,3,0,Norwich City,45.0,bournemouth,22.0
2016-01-23,Premier League,Sat,Away,D,1,1,Sunderland,57.0,bournemouth,23.0
2016-01-30,FA Cup,Sat,Away,W,2,1,Portsmouth,,bournemouth,
2016-02-02,Premier League,Tue,Away,W,2,1,Crystal Palace,49.0,bournemouth,24.0
2016-02-07,Premier League,Sun,Home,L,0,2,Arsenal,51.0,bournemouth,25.0
2016-02-13,Premier League,Sat,Home,L,1,3,Stoke City,66.0,bournemouth,26.0
2016-02-20,FA Cup,Sat,Home,L,0,2,Everton,,bournemouth,
2016-02-27,Premier League,Sat,Away,D,0,0,Watford,53.0,bournemouth,27.0
2016-03-01,Premier League,Tue,Home,W,2,0,Southampton,45.0,bournemouth,28.0
2016-03-05,Premier League,Sat,Away,W,3,1,Newcastle Utd,51.0,bournemouth,29.0
2016-03-12,Premier League,Sat,Home,W,3,2,Swansea City,44.0,bournemouth,30.0
2016-03-20,Premier League,Sun,Away,L,0,3,Tottenham,37.0,bournemouth,31.0
2016-04-02,Premier League,Sat,Home,L,0,4,Manchester City,46.0,bournemouth,32.0
2016-04-09,Premier League,Sat,Away,W,2,1,Aston Villa,59.0,bournemouth,33.0
2016-04-17,Premier League,Sun,Home,L,1,2,Liverpool,51.0,bournemouth,34.0
2016-04-23,Premier League,Sat,Home,L,1,4,Chelsea,45.0,bournemouth,35.0
2016-04-30,Premier League,Sat,Away,L,1,2,Everton,44.0,bournemouth,36.0
2016-05-07,Premier League,Sat,Home,D,1,1,West Brom,69.0,bournemouth,37.0
2016-05-17,Premier League,Tue,Away,L,1,3,Manchester Utd,34.0,bournemouth,38.0
2015-08-02,Community Shield,Sun,Neutral,L,0,1,Arsenal,57.0,chelsea,
2015-08-08,Premier League,Sat,Home,D,2,2,Swansea City,52.0,chelsea,1.0
2015-08-16,Premier League,Sun,Away,L,0,3,Manchester City,51.0,chelsea,2.0
2015-08-23,Premier League,Sun,Away,W,3,2,West Brom,56.0,chelsea,3.0
2015-08-29,Premier League,Sat,Home,L,1,2,Crystal Palace,64.0,chelsea,4.0
2015-09-12,Premier League,Sat,Away,L,1,3,Everton,61.0,chelsea,5.0
2015-09-16,Champions Lg,Wed,Home,W,4,0,il Maccabi Tel Aviv,60.0,chelsea,
2015-09-19,Premier League,Sat,Home,W,2,0,Arsenal,63.0,chelsea,6.0
2015-09-23,League Cup,Wed,Away,W,4,1,Walsall,,chelsea,
2015-09-26,Premier League,Sat,Away,D,2,2,Newcastle Utd,65.0,chelsea,7.0
2015-09-29,Champions Lg,Tue,Away,L,1,2,pt Porto,58.0,chelsea,
2015-10-03,Premier League,Sat,Home,L,1,3,Southampton,60.0,chelsea,8.0
2015-10-17,Premier League,Sat,Home,W,2,0,Aston Villa,49.0,chelsea,9.0
2015-10-20,Champions Lg,Tue,Away,D,0,0,ua Dynamo Kyiv,44.0,chelsea,
2015-10-24,Premier League,Sat,Away,L,1,2,West Ham,55.0,chelsea,10.0
2015-10-27,League Cup,Tue,Away,D,1 (4),1 (5),Stoke City,,chelsea,
2015-10-31,Premier League,Sat,Home,L,1,3,Liverpool,43.0,chelsea,11.0
2015-11-04,Champions Lg,Wed,Home,W,2,1,ua Dynamo Kyiv,52.0,chelsea,
2015-11-07,Premier League,Sat,Away,L,0,1,Stoke City,63.0,chelsea,12.0
2015-11-21,Premier League,Sat,Home,W,1,0,Norwich City,64.0,chelsea,13.0
2015-11-24,Champions Lg,Tue,Away,W,4,0,il Maccabi Tel Aviv,60.0,chelsea,
2015-11-29,Premier League,Sun,Away,D,0,0,Tottenham,42.0,chelsea,14.0
2015-12-05,Premier League,Sat,Home,L,0,1,Bournemouth,63.0,chelsea,15.0
2015-12-09,Champions Lg,Wed,Home,W,2,0,pt Porto,41.0,chelsea,
2015-12-14,Premier League,Mon,Away,L,1,2,Leicester City,66.0,chelsea,16.0
2015-12-19,Premier League,Sat,Home,W,3,1,Sunderland,67.0,chelsea,17.0
2015-12-26,Premier League,Sat,Home,D,2,2,Watford,62.0,chelsea,18.0
2015-12-28,Premier League,Mon,Away,D,0,0,Manchester Utd,33.0,chelsea,19.0
2016-01-03,Premier League,Sun,Away,W,3,0,Crystal Palace,60.0,chelsea,20.0
2016-01-10,FA Cup,Sun,Home,W,2,0,Scunthorpe Utd,,chelsea,
2016-01-13,Premier League,Wed,Home,D,2,2,West Brom,61.0,chelsea,21.0
2016-01-16,Premier League,Sat,Home,D,3,3,Everton,55.0,chelsea,22.0
2016-01-24,Premier League,Sun,Away,W,1,0,Arsenal,53.0,chelsea,23.0
2016-01-31,FA Cup,Sun,Away,W,5,1,MK Dons,,chelsea,
2016-02-03,Premier League,Wed,Away,D,0,0,Watford,55.0,chelsea,24.0
2016-02-07,Premier League,Sun,Home,D,1,1,Manchester Utd,49.0,chelsea,25.0
2016-02-13,Premier League,Sat,Home,W,5,1,Newcastle Utd,55.0,chelsea,26.0
2016-02-16,Champions Lg,Tue,Away,L,1,2,fr Paris S-G,39.0,chelsea,
2016-02-21,FA Cup,Sun,Home,W,5,1,Manchester City,,chelsea,
2016-02-27,Premier League,Sat,Away,W,2,1,Southampton,65.0,chelsea,27.0
2016-03-01,Premier League,Tue,Away,W,2,1,Norwich City,53.0,chelsea,28.0
2016-03-05,Premier League,Sat,Home,D,1,1,Stoke City,49.0,chelsea,29.0
2016-03-09,Champions Lg,Wed,Home,L,1,2,fr Paris S-G,42.0,chelsea,
2016-03-12,FA Cup,Sat,Away,L,0,2,Everton,,chelsea,
2016-03-19,Premier League,Sat,Home,D,2,2,West Ham,59.0,chelsea,30.0
2016-04-02,Premier League,Sat,Away,W,4,0,Aston Villa,58.0,chelsea,31.0
2016-04-09,Premier League,Sat,Away,L,0,1,Swansea City,61.0,chelsea,32.0
2016-04-16,Premier League,Sat,Home,L,0,3,Manchester City,52.0,chelsea,33.0
2016-04-23,Premier League,Sat,Away,W,4,1,Bournemouth,55.0,chelsea,34.0
2016-05-02,Premier League,Mon,Home,D,2,2,Tottenham,47.0,chelsea,35.0
2016-05-07,Premier League,Sat,Away,L,2,3,Sunderland,69.0,chelsea,36.0
2016-05-11,Premier League,Wed,Away,D,1,1,Liverpool,45.0,chelsea,37.0
2016-05-15,Premier League,Sun,Home,D,1,1,Leicester City,54.0,chelsea,38.0
2015-08-10,Premier League,Mon,Away,W,3,0,West Brom,69.0,city,1.0
2015-08-16,Premier League,Sun,Home,W,3,0,Chelsea,49.0,city,2.0
2015-08-23,Premier League,Sun,Away,W,2,0,Everton,54.0,city,3.0
2015-08-29,Premier League,Sat,Home,W,2,0,Watford,59.0,city,4.0
2015-09-12,Premier League,Sat,Away,W,1,0,Crystal Palace,58.0,city,5.0
2015-09-15,Champions Lg,Tue,Home,L,1,2,it Juventus,56.0,city,
2015-09-19,Premier League,Sat,Home,L,1,2,West Ham,72.0,city,6.0
2015-09-22,League Cup,Tue,Away,W,4,1,Sunderland,,city,
2015-09-26,Premier League,Sat,Away,L,1,4,Tottenham,54.0,city,7.0
2015-09-30,Champions Lg,Wed,Away,W,2,1,de M'Gladbach,62.0,city,
2015-10-03,Premier League,Sat,Home,W,6,1,Newcastle Utd,64.0,city,8.0
2015-10-17,Premier League,Sat,Home,W,5,1,Bournemouth,54.0,city,9.0
2015-10-21,Champions Lg,Wed,Home,W,2,1,es Sevilla,42.0,city,
2015-10-25,Premier League,Sun,Away,D,0,0,Manchester Utd,41.0,city,10.0
2015-10-28,League Cup,Wed,Home,W,5,1,Crystal Palace,,city,
2015-10-31,Premier League,Sat,Home,W,2,1,Norwich City,71.0,city,11.0
2015-11-03,Champions Lg,Tue,Away,W,3,1,es Sevilla,44.0,city,
2015-11-08,Premier League,Sun,Away,D,0,0,Aston Villa,59.0,city,12.0
2015-11-21,Premier League,Sat,Home,L,1,4,Liverpool,58.0,city,13.0
2015-11-25,Champions Lg,Wed,Away,L,0,1,it Juventus,57.0,city,
2015-11-28,Premier League,Sat,Home,W,3,1,Southampton,46.0,city,14.0
2015-12-01,League Cup,Tue,Home,W,4,1,Hull City,,city,
2015-12-05,Premier League,Sat,Away,L,0,2,Stoke City,54.0,city,15.0
2015-12-08,Champions Lg,Tue,Home,W,4,2,de M'Gladbach,51.0,city,
2015-12-12,Premier League,Sat,Home,W,2,1,Swansea City,53.0,city,16.0
2015-12-21,Premier League,Mon,Away,L,1,2,Arsenal,63.0,city,17.0
2015-12-26,Premier League,Sat,Home,W,4,1,Sunderland,66.0,city,18.0
2015-12-29,Premier League,Tue,Away,D,0,0,Leicester City,61.0,city,19.0
2016-01-02,Premier League,Sat,Away,W,2,1,Watford,52.0,city,20.0
2016-01-06,League Cup,Wed,Away,L,1,2,Everton,,city,
2016-01-09,FA Cup,Sat,Away,W,3,0,Norwich City,,city,
2016-01-13,Premier League,Wed,Home,D,0,0,Everton,55.0,city,21.0
2016-01-16,Premier League,Sat,Home,W,4,0,Crystal Palace,53.0,city,22.0
2016-01-23,Premier League,Sat,Away,D,2,2,West Ham,53.0,city,23.0
2016-01-27,League Cup,Wed,Home,W,3,1,Everton,,city,
2016-01-30,FA Cup,Sat,Away,W,4,0,Aston Villa,,city,
2016-02-02,Premier League,Tue,Away,W,1,0,Sunderland,50.0,city,24.0
2016-02-06,Premier League,Sat,Home,L,1,3,Leicester City,66.0,city,25.0
2016-02-14,Premier League,Sun,Home,L,1,2,Tottenham,46.0,city,26.0
2016-02-21,FA Cup,Sun,Away,L,1,5,Chelsea,,city,
2016-02-24,Champions Lg,Wed,Away,W,3,1,ua Dynamo Kyiv,47.0,city,
2016-02-28,League Cup,Sun,Away,D,1 (3),1 (1),Liverpool,,city,
2016-03-02,Premier League,Wed,Away,L,0,3,Liverpool,50.0,city,27.0
2016-03-05,Premier League,Sat,Home,W,4,0,Aston Villa,71.0,city,28.0
2016-03-12,Premier League,Sat,Away,D,0,0,Norwich City,66.0,city,29.0
2016-03-15,Champions Lg,Tue,Home,D,0,0,ua Dynamo Kyiv,46.0,city,
2016-03-20,Premier League,Sun,Home,L,0,1,Manchester Utd,55.0,city,30.0
2016-04-02,Premier League,Sat,Away,W,4,0,Bournemouth,54.0,city,31.0
2016-04-06,Champions Lg,Wed,Away,D,2,2,fr Paris S-G,36.0,city,
2016-04-09,Premier League,Sat,Home,W,2,1,West Brom,62.0,city,32.0
2016-04-12,Champions Lg,Tue,Home,W,1,0,fr Paris S-G,38.0,city,
2016-04-16,Premier League,Sat,Away,W,3,0,Chelsea,48.0,city,33.0
2016-04-19,Premier League,Tue,Away,D,1,1,Newcastle Utd,57.0,city,34.0
2016-04-23,Premier League,Sat,Home,W,4,0,Stoke City,53.0,city,35.0
2016-04-26,Champions Lg,Tue,Home,D,0,0,es Real Madrid,48.0,city,
2016-05-01,Premier League,Sun,Away,L,2,4,Southampton,60.0,city,36.0
2016-05-04,Champions Lg,Wed,Away,L,0,1,es Real Madrid,47.0,city,
2016-05-08,Premier League,Sun,Home,D,2,2,Arsenal,57.0,city,37.0
2016-05-15,Premier League,Sun,Away,D,1,1,Swansea City,50.0,city,38.0
2015-08-08,Premier League,Sat,Home,D,2,2,Watford,67.0,everton,1.0
2015-08-15,Premier League,Sat,Away,W,3,0,Southampton,46.0,everton,2.0
2015-08-23,Premier League,Sun,Home,L,0,2,Manchester City,46.0,everton,3.0
2015-08-26,League Cup,Wed,Away,W,5,3,Barnsley,,everton,
2015-08-29,Premier League,Sat,Away,D,0,0,Tottenham,50.0,everton,4.0
2015-09-12,Premier League,Sat,Home,W,3,1,Chelsea,39.0,everton,5.0
2015-09-19,Premier League,Sat,Away,D,0,0,Swansea City,52.0,everton,6.0
2015-09-22,League Cup,Tue,Away,W,2,1,Reading,,everton,
2015-09-28,Premier League,Mon,Away,W,3,2,West Brom,54.0,everton,7.0
2015-10-04,Premier League,Sun,Home,D,1,1,Liverpool,51.0,everton,8.0
2015-10-17,Premier League,Sat,Home,L,0,3,Manchester Utd,47.0,everton,9.0
2015-10-24,Premier League,Sat,Away,L,1,2,Arsenal,44.0,everton,10.0
2015-10-27,League Cup,Tue,Home,D,1 (4),1 (3),Norwich City,,everton,
2015-11-01,Premier League,Sun,Home,W,6,2,Sunderland,67.0,everton,11.0
2015-11-07,Premier League,Sat,Away,D,1,1,West Ham,49.0,everton,12.0
2015-11-21,Premier League,Sat,Home,W,4,0,Aston Villa,60.0,everton,13.0
2015-11-28,Premier League,Sat,Away,D,3,3,Bournemouth,43.0,everton,14.0
2015-12-01,League Cup,Tue,Away,W,2,0,Middlesbrough,,everton,
2015-12-07,Premier League,Mon,Home,D,1,1,Crystal Palace,62.0,everton,15.0
2015-12-12,Premier League,Sat,Away,D,1,1,Norwich City,59.0,everton,16.0
2015-12-19,Premier League,Sat,Home,L,2,3,Leicester City,67.0,everton,17.0
2015-12-26,Premier League,Sat,Away,W,1,0,Newcastle Utd,59.0,everton,18.0
2015-12-28,Premier League,Mon,Home,L,3,4,Stoke City,51.0,everton,19.0
2016-01-03,Premier League,Sun,Home,D,1,1,Tottenham,41.0,everton,20.0
2016-01-06,League Cup,Wed,Home,W,2,1,Manchester City,,everton,
2016-01-09,FA Cup,Sat,Home,W,2,0,Dag & Red,,everton,
2016-01-13,Premier League,Wed,Away,D,0,0,Manchester City,45.0,everton,21.0
2016-01-16,Premier League,Sat,Away,D,3,3,Chelsea,45.0,everton,22.0
2016-01-24,Premier League,Sun,Home,L,1,2,Swansea City,60.0,everton,23.0
2016-01-27,League Cup,Wed,Away,L,1,3,Manchester City,,everton,
2016-01-31,FA Cup,Sun,Away,W,3,0,Carlisle United,,everton,
2016-02-03,Premier League,Wed,Home,W,3,0,Newcastle Utd,56.0,everton,24.0
2016-02-06,Premier League,Sat,Away,W,3,0,Stoke City,35.0,everton,25.0
2016-02-13,Premier League,Sat,Home,L,0,1,West Brom,76.0,everton,26.0
2016-02-20,FA Cup,Sat,Away,W,2,0,Bournemouth,,everton,
2016-03-01,Premier League,Tue,Away,W,3,1,Aston Villa,53.0,everton,27.0
2016-03-05,Premier League,Sat,Home,L,2,3,West Ham,42.0,everton,28.0
2016-03-12,FA Cup,Sat,Home,W,2,0,Chelsea,,everton,
2016-03-19,Premier League,Sat,Home,L,0,2,Arsenal,54.0,everton,29.0
2016-04-03,Premier League,Sun,Away,L,0,1,Manchester Utd,46.0,everton,30.0
2016-04-09,Premier League,Sat,Away,D,1,1,Watford,58.0,everton,31.0
2016-04-13,Premier League,Wed,Away,D,0,0,Crystal Palace,43.0,everton,32.0
2016-04-16,Premier League,Sat,Home,D,1,1,Southampton,49.0,everton,33.0
2016-04-20,Premier League,Wed,Away,L,0,4,Liverpool,33.0,everton,34.0
2016-04-23,FA Cup,Sat,Home,L,1,2,Manchester Utd,,everton,
2016-04-30,Premier League,Sat,Home,W,2,1,Bournemouth,57.0,everton,35.0
2016-05-07,Premier League,Sat,Away,L,1,3,Leicester City,59.0,everton,36.0
2016-05-11,Premier League,Wed,Away,L,0,3,Sunderland,62.0,everton,37.0
2016-05-15,Premier League,Sun,Home,W,3,0,Norwich City,45.0,everton,38.0
2015-08-08,Premier League,Sat,Home,W,4,2,Sunderland,44.0,leicester,1.0
2015-08-15,Premier League,Sat,Away,W,2,1,West Ham,30.0,leicester,2.0
2015-08-22,Premier League,Sat,Home,D,1,1,Tottenham,35.0,leicester,3.0
2015-08-25,League Cup,Tue,Away,W,4,1,Bury,,leicester,
2015-08-29,Premier League,Sat,Away,D,1,1,Bournemouth,44.0,leicester,4.0
2015-09-13,Premier League,Sun,Home,W,3,2,Aston Villa,49.0,leicester,5.0
2015-09-19,Premier League,Sat,Away,D,2,2,Stoke City,46.0,leicester,6.0
2015-09-22,League Cup,Tue,Home,W,2,1,West Ham,,leicester,
2015-09-26,Premier League,Sat,Home,L,2,5,Arsenal,42.0,leicester,7.0
2015-10-03,Premier League,Sat,Away,W,2,1,Norwich City,34.0,leicester,8.0
2015-10-17,Premier League,Sat,Away,D,2,2,Southampton,49.0,leicester,9.0
2015-10-24,Premier League,Sat,Home,W,1,0,Crystal Palace,48.0,leicester,10.0
2015-10-27,League Cup,Tue,Away,D,1 (4),1 (5),Hull City,,leicester,
2015-10-31,Premier League,Sat,Away,W,3,2,West Brom,52.0,leicester,11.0
2015-11-07,Premier League,Sat,Home,W,2,1,Watford,41.0,leicester,12.0
2015-11-21,Premier League,Sat,Away,W,3,0,Newcastle Utd,46.0,leicester,13.0
2015-11-28,Premier League,Sat,Home,D,1,1,Manchester Utd,31.0,leicester,14.0
2015-12-05,Premier League,Sat,Away,W,3,0,Swansea City,41.0,leicester,15.0
2015-12-14,Premier League,Mon,Home,W,2,1,Chelsea,34.0,leicester,16.0
2015-12-19,Premier League,Sat,Away,W,3,2,Everton,33.0,leicester,17.0
2015-12-26,Premier League,Sat,Away,L,0,1,Liverpool,35.0,leicester,18.0
2015-12-29,Premier League,Tue,Home,D,0,0,Manchester City,39.0,leicester,19.0
2016-01-02,Premier League,Sat,Home,D,0,0,Bournemouth,54.0,leicester,20.0
2016-01-10,FA Cup,Sun,Away,D,2,2,Tottenham,,leicester,
2016-01-13,Premier League,Wed,Away,W,1,0,Tottenham,38.0,leicester,21.0
2016-01-16,Premier League,Sat,Away,D,1,1,Aston Villa,44.0,leicester,22.0
2016-01-20,FA Cup,Wed,Home,L,0,2,Tottenham,,leicester,
2016-01-23,Premier League,Sat,Home,W,3,0,Stoke City,45.0,leicester,23.0
2016-02-02,Premier League,Tue,Home,W,2,0,Liverpool,36.0,leicester,24.0
2016-02-06,Premier League,Sat,Away,W,3,1,Manchester City,34.0,leicester,25.0
2016-02-14,Premier League,Sun,Away,L,1,2,Arsenal,28.0,leicester,26.0
2016-02-27,Premier League,Sat,Home,W,1,0,Norwich City,58.0,leicester,27.0
2016-03-01,Premier League,Tue,Home,D,2,2,West Brom,65.0,leicester,28.0
2016-03-05,Premier League,Sat,Away,W,1,0,Watford,50.0,leicester,29.0
2016-03-14,Premier League,Mon,Home,W,1,0,Newcastle Utd,50.0,leicester,30.0
2016-03-19,Premier League,Sat,Away,W,1,0,Crystal Palace,44.0,leicester,31.0
2016-04-03,Premier League,Sun,Home,W,1,0,Southampton,46.0,leicester,32.0
2016-04-10,Premier League,Sun,Away,W,2,0,Sunderland,55.0,leicester,33.0
2016-04-17,Premier League,Sun,Home,D,2,2,West Ham,44.0,leicester,34.0
2016-04-24,Premier League,Sun,Home,W,4,0,Swansea City,38.0,leicester,35.0
2016-05-01,Premier League,Sun,Away,D,1,1,Manchester Utd,30.0,leicester,36.0
2016-05-07,Premier League,Sat,Home,W,3,1,Everton,41.0,leicester,37.0
2016-05-15,Premier League,Sun,Away,D,1,1,Chelsea,46.0,leicester,38.0
2015-08-09,Premier League,Sun,Away,W,1,0,Stoke City,53.0,liverpool,1.0
2015-08-17,Premier League,Mon,Home,W,1,0,Bournemouth,55.0,liverpool,2.0
2015-08-24,Premier League,Mon,Away,D,0,0,Arsenal,34.0,liverpool,3.0
2015-08-29,Premier League,Sat,Home,L,0,3,West Ham,63.0,liverpool,4.0
2015-09-12,Premier League,Sat,Away,L,1,3,Manchester Utd,44.0,liverpool,5.0
2015-09-17,Europa Lg,Thu,Away,D,1,1,fr Bordeaux,51.0,liverpool,
2015-09-20,Premier League,Sun,Home,D,1,1,Norwich City,59.0,liverpool,6.0
2015-09-23,League Cup,Wed,Home,D,1 (3),1 (2),Carlisle United,,liverpool,
2015-09-26,Premier League,Sat,Home,W,3,2,Aston Villa,62.0,liverpool,7.0
2015-10-01,Europa Lg,Thu,Home,D,1,1,ch Sion,61.0,liverpool,
2015-10-04,Premier League,Sun,Away,D,1,1,Everton,49.0,liverpool,8.0
2015-10-17,Premier League,Sat,Away,D,0,0,Tottenham,52.0,liverpool,9.0
2015-10-22,Europa Lg,Thu,Home,D,1,1,ru Rubin Kazan,67.0,liverpool,
2015-10-25,Premier League,Sun,Home,D,1,1,Southampton,60.0,liverpool,10.0
2015-10-28,League Cup,Wed,Home,W,1,0,Bournemouth,,liverpool,
2015-10-31,Premier League,Sat,Away,W,3,1,Chelsea,57.0,liverpool,11.0
2015-11-05,Europa Lg,Thu,Away,W,1,0,ru Rubin Kazan,64.0,liverpool,
2015-11-08,Premier League,Sun,Home,L,1,2,Crystal Palace,64.0,liverpool,12.0
2015-11-21,Premier League,Sat,Away,W,4,1,Manchester City,42.0,liverpool,13.0
2015-11-26,Europa Lg,Thu,Home,W,2,1,fr Bordeaux,47.0,liverpool,
2015-11-29,Premier League,Sun,Home,W,1,0,Swansea City,54.0,liverpool,14.0
2015-12-02,League Cup,Wed,Away,W,6,1,Southampton,,liverpool,
2015-12-06,Premier League,Sun,Away,L,0,2,Newcastle Utd,60.0,liverpool,15.0
2015-12-10,Europa Lg,Thu,Away,D,0,0,ch Sion,61.0,liverpool,
2015-12-13,Premier League,Sun,Home,D,2,2,West Brom,70.0,liverpool,16.0
2015-12-20,Premier League,Sun,Away,L,0,3,Watford,65.0,liverpool,17.0
2015-12-26,Premier League,Sat,Home,W,1,0,Leicester City,65.0,liverpool,18.0
2015-12-30,Premier League,Wed,Away,W,1,0,Sunderland,58.0,liverpool,19.0
2016-01-02,Premier League,Sat,Away,L,0,2,West Ham,64.0,liverpool,20.0
2016-01-05,League Cup,Tue,Away,W,1,0,Stoke City,,liverpool,
2016-01-08,FA Cup,Fri,Away,D,2,2,Exeter City,,liverpool,
2016-01-13,Premier League,Wed,Home,D,3,3,Arsenal,60.0,liverpool,21.0
2016-01-17,Premier League,Sun,Home,L,0,1,Manchester Utd,53.0,liverpool,22.0
2016-01-20,FA Cup,Wed,Home,W,3,0,Exeter City,,liverpool,
2016-01-23,Premier League,Sat,Away,W,5,4,Norwich City,52.0,liverpool,23.0
2016-01-26,League Cup,Tue,Home,D,0 (6),1 (5),Stoke City,,liverpool,
2016-01-30,FA Cup,Sat,Home,D,0,0,West Ham,,liverpool,
2016-02-02,Premier League,Tue,Away,L,0,2,Leicester City,64.0,liverpool,24.0
2016-02-06,Premier League,Sat,Home,D,2,2,Sunderland,71.0,liverpool,25.0
2016-02-09,FA Cup,Tue,Away,L,1,2,West Ham,,liverpool,
2016-02-14,Premier League,Sun,Away,W,6,0,Aston Villa,61.0,liverpool,26.0
2016-02-18,Europa Lg,Thu,Away,D,0,0,de Augsburg,52.0,liverpool,
2016-02-25,Europa Lg,Thu,Home,W,1,0,de Augsburg,57.0,liverpool,
2016-02-28,League Cup,Sun,Home,D,1 (1),1 (3),Manchester City,,liverpool,
2016-03-02,Premier League,Wed,Home,W,3,0,Manchester City,50.0,liverpool,27.0
2016-03-06,Premier League,Sun,Away,W,2,1,Crystal Palace,62.0,liverpool,28.0
2016-03-10,Europa Lg,Thu,Home,W,2,0,eng Manchester Utd,60.0,liverpool,
2016-03-17,Europa Lg,Thu,Away,D,1,1,eng Manchester Utd,42.0,liverpool,
2016-03-20,Premier League,Sun,Away,L,2,3,Southampton,51.0,liverpool,29.0
2016-04-02,Premier League,Sat,Home,D,1,1,Tottenham,42.0,liverpool,30.0
2016-04-07,Europa Lg,Thu,Away,D,1,1,de Dortmund,41.0,liverpool,
2016-04-10,Premier League,Sun,Home,W,4,1,Stoke City,53.0,liverpool,31.0
2016-04-14,Europa Lg,Thu,Home,W,4,3,de Dortmund,59.0,liverpool,
2016-04-17,Premier League,Sun,Away,W,2,1,Bournemouth,49.0,liverpool,32.0
2016-04-20,Premier League,Wed,Home,W,4,0,Everton,67.0,liverpool,33.0
2016-04-23,Premier League,Sat,Home,D,2,2,Newcastle Utd,67.0,liverpool,34.0
2016-04-28,Europa Lg,Thu,Away,L,0,1,es Villarreal,48.0,liverpool,
2016-05-01,Premier League,Sun,Away,L,1,3,Swansea City,52.0,liverpool,35.0
2016-05-05,Europa Lg,Thu,Home,W,3,0,es Villarreal,57.0,liverpool,
2016-05-08,Premier League,Sun,Home,W,2,0,Watford,66.0,liverpool,36.0
2016-05-11,Premier League,Wed,Home,D,1,1,Chelsea,55.0,liverpool,37.0
2016-05-15,Premier League,Sun,Away,D,1,1,West Brom,67.0,liverpool,38.0
2016-05-18,Europa Lg,Wed,Home,L,1,3,es Sevilla,54.0,liverpool,
2015-08-09,Premier League,Sun,Home,D,2,2,Southampton,56.0,newcastle,1.0
2015-08-15,Premier League,Sat,Away,L,0,2,Swansea City,34.0,newcastle,2.0
2015-08-22,Premier League,Sat,Away,D,0,0,Manchester Utd,31.0,newcastle,3.0
2015-08-25,League Cup,Tue,Home,W,4,1,Northampton,,newcastle,
2015-08-29,Premier League,Sat,Home,L,0,1,Arsenal,26.0,newcastle,4.0
2015-09-14,Premier League,Mon,Away,L,0,2,West Ham,61.0,newcastle,5.0
2015-09-19,Premier League,Sat,Home,L,1,2,Watford,58.0,newcastle,6.0
2015-09-23,League Cup,Wed,Home,L,0,1,Sheffield Weds,,newcastle,
2015-09-26,Premier League,Sat,Home,D,2,2,Chelsea,36.0,newcastle,7.0
2015-10-03,Premier League,Sat,Away,L,1,6,Manchester City,36.0,newcastle,8.0
2015-10-18,Premier League,Sun,Home,W,6,2,Norwich City,44.0,newcastle,9.0
2015-10-25,Premier League,Sun,Away,L,0,3,Sunderland,60.0,newcastle,10.0
2015-10-31,Premier League,Sat,Home,D,0,0,Stoke City,52.0,newcastle,11.0
2015-11-07,Premier League,Sat,Away,W,1,0,Bournemouth,33.0,newcastle,12.0
2015-11-21,Premier League,Sat,Home,L,0,3,Leicester City,54.0,newcastle,13.0
2015-11-28,Premier League,Sat,Away,L,1,5,Crystal Palace,46.0,newcastle,14.0
2015-12-06,Premier League,Sun,Home,W,2,0,Liverpool,40.0,newcastle,15.0
2015-12-13,Premier League,Sun,Away,W,2,1,Tottenham,42.0,newcastle,16.0
2015-12-19,Premier League,Sat,Home,D,1,1,Aston Villa,47.0,newcastle,17.0
2015-12-26,Premier League,Sat,Home,L,0,1,Everton,41.0,newcastle,18.0
2015-12-28,Premier League,Mon,Away,L,0,1,West Brom,48.0,newcastle,19.0
2016-01-02,Premier League,Sat,Away,L,0,1,Arsenal,49.0,newcastle,20.0
2016-01-09,FA Cup,Sat,Away,L,0,1,Watford,,newcastle,
2016-01-12,Premier League,Tue,Home,D,3,3,Manchester Utd,54.0,newcastle,21.0
2016-01-16,Premier League,Sat,Home,W,2,1,West Ham,51.0,newcastle,22.0
2016-01-23,Premier League,Sat,Away,L,1,2,Watford,49.0,newcastle,23.0
2016-02-03,Premier League,Wed,Away,L,0,3,Everton,44.0,newcastle,24.0
2016-02-06,Premier League,Sat,Home,W,1,0,West Brom,69.0,newcastle,25.0
2016-02-13,Premier League,Sat,Away,L,1,5,Chelsea,45.0,newcastle,26.0
2016-03-02,Premier League,Wed,Away,L,0,1,Stoke City,45.0,newcastle,27.0
2016-03-05,Premier League,Sat,Home,L,1,3,Bournemouth,49.0,newcastle,28.0
2016-03-14,Premier League,Mon,Away,L,0,1,Leicester City,50.0,newcastle,29.0
2016-03-20,Premier League,Sun,Home,D,1,1,Sunderland,60.0,newcastle,30.0
2016-04-02,Premier League,Sat,Away,L,2,3,Norwich City,57.0,newcastle,31.0
2016-04-09,Premier League,Sat,Away,L,1,3,Southampton,49.0,newcastle,32.0
2016-04-16,Premier League,Sat,Home,W,3,0,Swansea City,35.0,newcastle,33.0
2016-04-19,Premier League,Tue,Home,D,1,1,Manchester City,43.0,newcastle,34.0
2016-04-23,Premier League,Sat,Away,D,2,2,Liverpool,33.0,newcastle,35.0
2016-04-30,Premier League,Sat,Home,W,1,0,Crystal Palace,50.0,newcastle,36.0
2016-05-07,Premier League,Sat,Away,D,0,0,Aston Villa,54.0,newcastle,37.0
2016-05-15,Premier League,Sun,Home,W,5,1,Tottenham,39.0,newcastle,38.0
2015-08-08,Premier League,Sat,Home,L,1,3,Crystal Palace,63.0,norwich,1.0
2015-08-15,Premier League,Sat,Away,W,3,1,Sunderland,56.0,norwich,2.0
2015-08-22,Premier League,Sat,Home,D,1,1,Stoke City,43.0,norwich,3.0
2015-08-25,League Cup,Tue,Away,W,2,1,Rotherham Utd,,norwich,
2015-08-30,Premier League,Sun,Away,L,0,3,Southampton,39.0,norwich,4.0
2015-09-12,Premier League,Sat,Home,W,3,1,Bournemouth,48.0,norwich,5.0
2015-09-20,Premier League,Sun,Away,D,1,1,Liverpool,41.0,norwich,6.0
2015-09-23,League Cup,Wed,Home,W,3,0,West Brom,,norwich,
2015-09-26,Premier League,Sat,Away,D,2,2,West Ham,57.0,norwich,7.0
2015-10-03,Premier League,Sat,Home,L,1,2,Leicester City,66.0,norwich,8.0
2015-10-18,Premier League,Sun,Away,L,2,6,Newcastle Utd,56.0,norwich,9.0
2015-10-24,Premier League,Sat,Home,L,0,1,West Brom,61.0,norwich,10.0
2015-10-27,League Cup,Tue,Away,D,1 (3),1 (4),Everton,,norwich,
2015-10-31,Premier League,Sat,Away,L,1,2,Manchester City,29.0,norwich,11.0
2015-11-07,Premier League,Sat,Home,W,1,0,Swansea City,33.0,norwich,12.0
2015-11-21,Premier League,Sat,Away,L,0,1,Chelsea,36.0,norwich,13.0
2015-11-29,Premier League,Sun,Home,D,1,1,Arsenal,37.0,norwich,14.0
2015-12-05,Premier League,Sat,Away,L,0,2,Watford,50.0,norwich,15.0
2015-12-12,Premier League,Sat,Home,D,1,1,Everton,41.0,norwich,16.0
2015-12-19,Premier League,Sat,Away,W,2,1,Manchester Utd,31.0,norwich,17.0
2015-12-26,Premier League,Sat,Away,L,0,3,Tottenham,40.0,norwich,18.0
2015-12-28,Premier League,Mon,Home,W,2,0,Aston Villa,48.0,norwich,19.0
2016-01-02,Premier League,Sat,Home,W,1,0,Southampton,42.0,norwich,20.0
2016-01-09,FA Cup,Sat,Home,L,0,3,Manchester City,,norwich,
2016-01-13,Premier League,Wed,Away,L,1,3,Stoke City,36.0,norwich,21.0
2016-01-16,Premier League,Sat,Away,L,0,3,Bournemouth,55.0,norwich,22.0
2016-01-23,Premier League,Sat,Home,L,4,5,Liverpool,48.0,norwich,23.0
2016-02-02,Premier League,Tue,Home,L,0,3,Tottenham,46.0,norwich,24.0
2016-02-06,Premier League,Sat,Away,L,0,2,Aston Villa,52.0,norwich,25.0
2016-02-13,Premier League,Sat,Home,D,2,2,West Ham,48.0,norwich,26.0
2016-02-27,Premier League,Sat,Away,L,0,1,Leicester City,42.0,norwich,27.0
2016-03-01,Premier League,Tue,Home,L,1,2,Chelsea,47.0,norwich,28.0
2016-03-05,Premier League,Sat,Away,L,0,1,Swansea City,44.0,norwich,29.0
2016-03-12,Premier League,Sat,Home,D,0,0,Manchester City,34.0,norwich,30.0
2016-03-19,Premier League,Sat,Away,W,1,0,West Brom,50.0,norwich,31.0
2016-04-02,Premier League,Sat,Home,W,3,2,Newcastle Utd,43.0,norwich,32.0
2016-04-09,Premier League,Sat,Away,L,0,1,Crystal Palace,48.0,norwich,33.0
2016-04-16,Premier League,Sat,Home,L,0,3,Sunderland,64.0,norwich,34.0
2016-04-30,Premier League,Sat,Away,L,0,1,Arsenal,31.0,norwich,35.0
2016-05-07,Premier League,Sat,Home,L,0,1,Manchester Utd,33.0,norwich,36.0
2016-05-11,Premier League,Wed,Home,W,4,2,Watford,56.0,norwich,37.0
2016-05-15,Premier League,Sun,Away,L,0,3,Everton,55.0,norwich,38.0
2015-08-08,Premier League,Sat,Away,W,3,1,Norwich City,37.0,palace,1.0
2015-08-16,Premier League,Sun,Home,L,1,2,Arsenal,41.0,palace,2.0
2015-08-22,Premier League,Sat,Home,W,2,1,Aston Villa,50.0,palace,3.0
2015-08-25,League Cup,Tue,Home,W,4,1,Shrewsbury,,palace,
2015-08-29,Premier League,Sat,Away,W,2,1,Chelsea,36.0,palace,4.0
2015-09-12,Premier League,Sat,Home,L,0,1,Manchester City,42.0,palace,5.0
2015-09-20,Premier League,Sun,Away,L,0,1,Tottenham,43.0,palace,6.0
2015-09-23,League Cup,Wed,Home,W,4,1,Charlton Ath,,palace,
2015-09-27,Premier League,Sun,Away,W,1,0,Watford,45.0,palace,7.0
2015-10-03,Premier League,Sat,Home,W,2,0,West Brom,60.0,palace,8.0
2015-10-17,Premier League,Sat,Home,L,1,3,West Ham,39.0,palace,9.0
2015-10-24,Premier League,Sat,Away,L,0,1,Leicester City,52.0,palace,10.0
2015-10-28,League Cup,Wed,Away,L,1,5,Manchester City,,palace,
2015-10-31,Premier League,Sat,Home,D,0,0,Manchester Utd,45.0,palace,11.0
2015-11-08,Premier League,Sun,Away,W,2,1,Liverpool,36.0,palace,12.0
2015-11-23,Premier League,Mon,Home,L,0,1,Sunderland,67.0,palace,13.0
2015-11-28,Premier League,Sat,Home,W,5,1,Newcastle Utd,54.0,palace,14.0
2015-12-07,Premier League,Mon,Away,D,1,1,Everton,38.0,palace,15.0
2015-12-12,Premier League,Sat,Home,W,1,0,Southampton,44.0,palace,16.0
2015-12-19,Premier League,Sat,Away,W,2,1,Stoke City,42.0,palace,17.0
2015-12-26,Premier League,Sat,Away,D,0,0,Bournemouth,45.0,palace,18.0
2015-12-28,Premier League,Mon,Home,D,0,0,Swansea City,54.0,palace,19.0
2016-01-03,Premier League,Sun,Home,L,0,3,Chelsea,40.0,palace,20.0
2016-01-09,FA Cup,Sat,Away,W,2,1,Southampton,,palace,
2016-01-12,Premier League,Tue,Away,L,0,1,Aston Villa,49.0,palace,21.0
2016-01-16,Premier League,Sat,Away,L,0,4,Manchester City,47.0,palace,22.0
2016-01-23,Premier League,Sat,Home,L,1,3,Tottenham,36.0,palace,23.0
2016-01-30,FA Cup,Sat,Home,W,1,0,Stoke City,,palace,
2016-02-02,Premier League,Tue,Home,L,1,2,Bournemouth,51.0,palace,24.0
2016-02-06,Premier League,Sat,Away,D,1,1,Swansea City,42.0,palace,25.0
2016-02-13,Premier League,Sat,Home,L,1,2,Watford,54.0,palace,26.0
2016-02-21,FA Cup,Sun,Away,W,1,0,Tottenham,,palace,
2016-02-27,Premier League,Sat,Away,L,2,3,West Brom,54.0,palace,27.0
2016-03-01,Premier League,Tue,Away,D,2,2,Sunderland,41.0,palace,28.0
2016-03-06,Premier League,Sun,Home,L,1,2,Liverpool,39.0,palace,29.0
2016-03-11,FA Cup,Fri,Away,W,2,0,Reading,,palace,
2016-03-19,Premier League,Sat,Home,L,0,1,Leicester City,56.0,palace,30.0
2016-04-02,Premier League,Sat,Away,D,2,2,West Ham,33.0,palace,31.0
2016-04-09,Premier League,Sat,Home,W,1,0,Norwich City,52.0,palace,32.0
2016-04-13,Premier League,Wed,Home,D,0,0,Everton,57.0,palace,33.0
2016-04-17,Premier League,Sun,Away,D,1,1,Arsenal,28.0,palace,34.0
2016-04-20,Premier League,Wed,Away,L,0,2,Manchester Utd,34.0,palace,35.0
2016-04-24,FA Cup,Sun,Home,W,2,1,Watford,,palace,
2016-04-30,Premier League,Sat,Away,L,0,1,Newcastle Utd,51.0,palace,36.0
2016-05-07,Premier League,Sat,Home,W,2,1,Stoke City,58.0,palace,37.0
2016-05-15,Premier League,Sun,Away,L,1,4,Southampton,50.0,palace,38.0
2016-05-21,FA Cup,Sat,Home,L,1,2,Manchester Utd,,palace,
2015-07-30,Europa Lg,Thu,Home,W,3,0,nl Vitesse,,southampton,
2015-08-06,Europa Lg,Thu,Away,W,2,0,nl Vitesse,,southampton,
2015-08-09,Premier League,Sun,Away,D,2,2,Newcastle Utd,44.0,southampton,1.0
2015-08-15,Premier League,Sat,Home,L,0,3,Everton,54.0,southampton,2.0
2015-08-20,Europa Lg,Thu,Home,D,1,1,dk Midtjylland,,southampton,
2015-08-23,Premier League,Sun,Away,D,0,0,Watford,48.0,southampton,3.0
2015-08-27,Europa Lg,Thu,Away,L,0,1,dk Midtjylland,,southampton,
2015-08-30,Premier League,Sun,Home,W,3,0,Norwich City,61.0,southampton,4.0
2015-09-12,Premier League,Sat,Away,D,0,0,West Brom,65.0,southampton,5.0
2015-09-20,Premier League,Sun,Home,L,2,3,Manchester Utd,41.0,southampton,6.0
2015-09-23,League Cup,Wed,Away,W,6,0,MK Dons,,southampton,
2015-09-26,Premier League,Sat,Home,W,3,1,Swansea City,42.0,southampton,7.0
2015-10-03,Premier League,Sat,Away,W,3,1,Chelsea,40.0,southampton,8.0
2015-10-17,Premier League,Sat,Home,D,2,2,Leicester City,51.0,southampton,9.0
2015-10-25,Premier League,Sun,Away,D,1,1,Liverpool,40.0,southampton,10.0
2015-10-28,League Cup,Wed,Home,W,2,1,Aston Villa,,southampton,
2015-11-01,Premier League,Sun,Home,W,2,0,Bournemouth,49.0,southampton,11.0
2015-11-07,Premier League,Sat,Away,W,1,0,Sunderland,64.0,southampton,12.0
2015-11-21,Premier League,Sat,Home,L,0,1,Stoke City,58.0,southampton,13.0
2015-11-28,Premier League,Sat,Away,L,1,3,Manchester City,54.0,southampton,14.0
2015-12-02,League Cup,Wed,Home,L,1,6,Liverpool,,southampton,
2015-12-05,Premier League,Sat,Home,D,1,1,Aston Villa,63.0,southampton,15.0
2015-12-12,Premier League,Sat,Away,L,0,1,Crystal Palace,56.0,southampton,16.0
2015-12-19,Premier League,Sat,Home,L,0,2,Tottenham,51.0,southampton,17.0
2015-12-26,Premier League,Sat,Home,W,4,0,Arsenal,35.0,southampton,18.0
2015-12-28,Premier League,Mon,Away,L,1,2,West Ham,51.0,southampton,19.0
2016-01-02,Premier League,Sat,Away,L,0,1,Norwich City,58.0,southampton,20.0
2016-01-09,FA Cup,Sat,Home,L,1,2,Crystal Palace,,southampton,
2016-01-13,Premier League,Wed,Home,W,2,0,Watford,51.0,southampton,21.0
2016-01-16,Premier League,Sat,Home,W,3,0,West Brom,56.0,southampton,22.0
2016-01-23,Premier League,Sat,Away,W,1,0,Manchester Utd,45.0,southampton,23.0
2016-02-02,Premier League,Tue,Away,D,0,0,Arsenal,33.0,southampton,24.0
2016-02-06,Premier League,Sat,Home,W,1,0,West Ham,35.0,southampton,25.0
2016-02-13,Premier League,Sat,Away,W,1,0,Swansea City,46.0,southampton,26.0
2016-02-27,Premier League,Sat,Home,L,1,2,Chelsea,35.0,southampton,27.0
2016-03-01,Premier League,Tue,Away,L,0,2,Bournemouth,55.0,southampton,28.0
2016-03-05,Premier League,Sat,Home,D,1,1,Sunderland,65.0,southampton,29.0
2016-03-12,Premier League,Sat,Away,W,2,1,Stoke City,39.0,southampton,30.0
2016-03-20,Premier League,Sun,Home,W,3,2,Liverpool,49.0,southampton,31.0
2016-04-03,Premier League,Sun,Away,L,0,1,Leicester City,54.0,southampton,32.0
2016-04-09,Premier League,Sat,Home,W,3,1,Newcastle Utd,51.0,southampton,33.0
2016-04-16,Premier League,Sat,Away,D,1,1,Everton,51.0,southampton,34.0
2016-04-23,Premier League,Sat,Away,W,4,2,Aston Villa,58.0,southampton,35.0
2016-05-01,Premier League,Sun,Home,W,4,2,Manchester City,40.0,southampton,36.0
2016-05-08,Premier League,Sun,Away,W,2,1,Tottenham,30.0,southampton,37.0
2016-05-15,Premier League,Sun,Home,W,4,1,Crystal Palace,50.0,southampton,38.0
2015-08-09,Premier League,Sun,Home,L,0,1,Liverpool,47.0,stoke,1.0
2015-08-15,Premier League,Sat,Away,D,2,2,Tottenham,47.0,stoke,2.0
2015-08-22,Premier League,Sat,Away,D,1,1,Norwich City,57.0,stoke,3.0
2015-08-25,League Cup,Tue,Away,D,1 (8),1 (7),Luton Town,,stoke,
2015-08-29,Premier League,Sat,Home,L,0,1,West Brom,49.0,stoke,4.0
2015-09-12,Premier League,Sat,Away,L,0,2,Arsenal,32.0,stoke,5.0
2015-09-19,Premier League,Sat,Home,D,2,2,Leicester City,54.0,stoke,6.0
2015-09-22,League Cup,Tue,Away,W,1,0,Fulham,,stoke,
2015-09-26,Premier League,Sat,Home,W,2,1,Bournemouth,44.0,stoke,7.0
2015-10-03,Premier League,Sat,Away,W,1,0,Aston Villa,44.0,stoke,8.0
2015-10-19,Premier League,Mon,Away,W,1,0,Swansea City,46.0,stoke,9.0
2015-10-24,Premier League,Sat,Home,L,0,2,Watford,66.0,stoke,10.0
2015-10-27,League Cup,Tue,Home,D,1 (5),1 (4),Chelsea,,stoke,
2015-10-31,Premier League,Sat,Away,D,0,0,Newcastle Utd,48.0,stoke,11.0
2015-11-07,Premier League,Sat,Home,W,1,0,Chelsea,37.0,stoke,12.0
2015-11-21,Premier League,Sat,Away,W,1,0,Southampton,42.0,stoke,13.0
2015-11-28,Premier League,Sat,Away,L,0,2,Sunderland,52.0,stoke,14.0
2015-12-01,League Cup,Tue,Home,W,2,0,Sheffield Weds,,stoke,
2015-12-05,Premier League,Sat,Home,W,2,0,Manchester City,47.0,stoke,15.0
2015-12-12,Premier League,Sat,Away,D,0,0,West Ham,53.0,stoke,16.0
2015-12-19,Premier League,Sat,Home,L,1,2,Crystal Palace,58.0,stoke,17.0
2015-12-26,Premier League,Sat,Home,W,2,0,Manchester Utd,42.0,stoke,18.0
2015-12-28,Premier League,Mon,Away,W,4,3,Everton,49.0,stoke,19.0
2016-01-02,Premier League,Sat,Away,L,1,2,West Brom,54.0,stoke,20.0
2016-01-05,League Cup,Tue,Home,L,0,1,Liverpool,,stoke,
2016-01-09,FA Cup,Sat,Away,W,2,1,Doncaster,,stoke,
2016-01-13,Premier League,Wed,Home,W,3,1,Norwich City,64.0,stoke,21.0
2016-01-17,Premier League,Sun,Home,D,0,0,Arsenal,45.0,stoke,22.0
2016-01-23,Premier League,Sat,Away,L,0,3,Leicester City,55.0,stoke,23.0
2016-01-26,League Cup,Tue,Away,D,1 (5),0 (6),Liverpool,,stoke,
2016-01-30,FA Cup,Sat,Away,L,0,1,Crystal Palace,,stoke,
2016-02-02,Premier League,Tue,Away,L,0,3,Manchester Utd,53.0,stoke,24.0
2016-02-06,Premier League,Sat,Home,L,0,3,Everton,66.0,stoke,25.0
2016-02-13,Premier League,Sat,Away,W,3,1,Bournemouth,34.0,stoke,26.0
2016-02-27,Premier League,Sat,Home,W,2,1,Aston Villa,55.0,stoke,27.0
2016-03-02,Premier League,Wed,Home,W,1,0,Newcastle Utd,55.0,stoke,28.0
2016-03-05,Premier League,Sat,Away,D,1,1,Chelsea,51.0,stoke,29.0
2016-03-12,Premier League,Sat,Home,L,1,2,Southampton,61.0,stoke,30.0
2016-03-19,Premier League,Sat,Away,W,2,1,Watford,48.0,stoke,31.0
2016-04-02,Premier League,Sat,Home,D,2,2,Swansea City,47.0,stoke,32.0
2016-04-10,Premier League,Sun,Away,L,1,4,Liverpool,47.0,stoke,33.0
2016-04-18,Premier League,Mon,Home,L,0,4,Tottenham,51.0,stoke,34.0
2016-04-23,Premier League,Sat,Away,L,0,4,Manchester City,47.0,stoke,35.0
2016-04-30,Premier League,Sat,Home,D,1,1,Sunderland,54.0,stoke,36.0
2016-05-07,Premier League,Sat,Away,L,1,2,Crystal Palace,42.0,stoke,37.0
2016-05-15,Premier League,Sun,Home,W,2,1,West Ham,47.0,stoke,38.0
2015-08-08,Premier League,Sat,Away,L,2,4,Leicester City,56.0,sunderland,1.0
2015-08-15,Premier League,Sat,Home,L,1,3,Norwich City,44.0,sunderland,2.0
2015-08-22,Premier League,Sat,Home,D,1,1,Swansea City,39.0,sunderland,3.0
2015-08-25,League Cup,Tue,Home,W,6,3,Exeter City,,sunderland,
2015-08-29,Premier League,Sat,Away,D,2,2,Aston Villa,38.0,sunderland,4.0
2015-09-13,Premier League,Sun,Home,L,0,1,Tottenham,44.0,sunderland,5.0
2015-09-19,Premier League,Sat,Away,L,0,2,Bournemouth,47.0,sunderland,6.0
2015-09-22,League Cup,Tue,Home,L,1,4,Manchester City,,sunderland,
2015-09-26,Premier League,Sat,Away,L,0,3,Manchester Utd,34.0,sunderland,7.0
2015-10-03,Premier League,Sat,Home,D,2,2,West Ham,44.0,sunderland,8.0
2015-10-17,Premier League,Sat,Away,L,0,1,West Brom,44.0,sunderland,9.0
2015-10-25,Premier League,Sun,Home,W,3,0,Newcastle Utd,40.0,sunderland,10.0
2015-11-01,Premier League,Sun,Away,L,2,6,Everton,33.0,sunderland,11.0
2015-11-07,Premier League,Sat,Home,L,0,1,Southampton,36.0,sunderland,12.0
2015-11-23,Premier League,Mon,Away,W,1,0,Crystal Palace,33.0,sunderland,13.0
2015-11-28,Premier League,Sat,Home,W,2,0,Stoke City,48.0,sunderland,14.0
2015-12-05,Premier League,Sat,Away,L,1,3,Arsenal,28.0,sunderland,15.0
2015-12-12,Premier League,Sat,Home,L,0,1,Watford,49.0,sunderland,16.0
2015-12-19,Premier League,Sat,Away,L,1,3,Chelsea,33.0,sunderland,17.0
2015-12-26,Premier League,Sat,Away,L,1,4,Manchester City,34.0,sunderland,18.0
2015-12-30,Premier League,Wed,Home,L,0,1,Liverpool,42.0,sunderland,19.0
2016-01-02,Premier League,Sat,Home,W,3,1,Aston Villa,45.0,sunderland,20.0
2016-01-09,FA Cup,Sat,Away,L,1,3,Arsenal,,sunderland,
2016-01-13,Premier League,Wed,Away,W,4,2,Swansea City,49.0,sunderland,21.0
2016-01-16,Premier League,Sat,Away,L,1,4,Tottenham,33.0,sunderland,22.0
2016-01-23,Premier League,Sat,Home,D,1,1,Bournemouth,43.0,sunderland,23.0
2016-02-02,Premier League,Tue,Home,L,0,1,Manchester City,50.0,sunderland,24.0
2016-02-06,Premier League,Sat,Away,D,2,2,Liverpool,29.0,sunderland,25.0
2016-02-13,Premier League,Sat,Home,W,2,1,Manchester Utd,34.0,sunderland,26.0
2016-02-27,Premier League,Sat,Away,L,0,1,West Ham,47.0,sunderland,27.0
2016-03-01,Premier League,Tue,Home,D,2,2,Crystal Palace,59.0,sunderland,28.0
2016-03-05,Premier League,Sat,Away,D,1,1,Southampton,35.0,sunderland,29.0
2016-03-20,Premier League,Sun,Away,D,1,1,Newcastle Utd,40.0,sunderland,30.0
2016-04-02,Premier League,Sat,Home,D,0,0,West Brom,57.0,sunderland,31.0
2016-04-10,Premier League,Sun,Home,L,0,2,Leicester City,45.0,sunderland,32.0
2016-04-16,Premier League,Sat,Away,W,3,0,Norwich City,36.0,sunderland,33.0
2016-04-24,Premier League,Sun,Home,D,0,0,Arsenal,30.0,sunderland,34.0
2016-04-30,Premier League,Sat,Away,D,1,1,Stoke City,46.0,sunderland,35.0
2016-05-07,Premier League,Sat,Home,W,3,2,Chelsea,31.0,sunderland,36.0
2016-05-11,Premier League,Wed,Home,W,3,0,Everton,38.0,sunderland,37.0
2016-05-15,Premier League,Sun,Away,D,2,2,Watford,46.0,sunderland,38.0
2015-08-08,Premier League,Sat,Away,D,2,2,Chelsea,48.0,swansea,1.0
2015-08-15,Premier League,Sat,Home,W,2,0,Newcastle Utd,66.0,swansea,2.0
2015-08-22,Premier League,Sat,Away,D,1,1,Sunderland,61.0,swansea,3.0
2015-08-25,League Cup,Tue,Home,W,3,0,York City,,swansea,
2015-08-30,Premier League,Sun,Home,W,2,1,Manchester Utd,36.0,swansea,4.0
2015-09-12,Premier League,Sat,Away,L,0,1,Watford,61.0,swansea,5.0
2015-09-19,Premier League,Sat,Home,D,0,0,Everton,48.0,swansea,6.0
2015-09-22,League Cup,Tue,Away,L,0,1,Hull City,,swansea,
2015-09-26,Premier League,Sat,Away,L,1,3,Southampton,59.0,swansea,7.0
2015-10-04,Premier League,Sun,Home,D,2,2,Tottenham,46.0,swansea,8.0
2015-10-19,Premier League,Mon,Home,L,0,1,Stoke City,54.0,swansea,9.0
2015-10-24,Premier League,Sat,Away,W,2,1,Aston Villa,52.0,swansea,10.0
2015-10-31,Premier League,Sat,Home,L,0,3,Arsenal,54.0,swansea,11.0
2015-11-07,Premier League,Sat,Away,L,0,1,Norwich City,67.0,swansea,12.0
2015-11-21,Premier League,Sat,Home,D,2,2,Bournemouth,43.0,swansea,13.0
2015-11-29,Premier League,Sun,Away,L,0,1,Liverpool,46.0,swansea,14.0
2015-12-05,Premier League,Sat,Home,L,0,3,Leicester City,59.0,swansea,15.0
2015-12-12,Premier League,Sat,Away,L,1,2,Manchester City,47.0,swansea,16.0
2015-12-20,Premier League,Sun,Home,D,0,0,West Ham,73.0,swansea,17.0
2015-12-26,Premier League,Sat,Home,W,1,0,West Brom,56.0,swansea,18.0
2015-12-28,Premier League,Mon,Away,D,0,0,Crystal Palace,46.0,swansea,19.0
2016-01-02,Premier League,Sat,Away,L,1,2,Manchester Utd,45.0,swansea,20.0
2016-01-10,FA Cup,Sun,Away,L,2,3,Oxford United,,swansea,
2016-01-13,Premier League,Wed,Home,L,2,4,Sunderland,51.0,swansea,21.0
2016-01-18,Premier League,Mon,Home,W,1,0,Watford,57.0,swansea,22.0
2016-01-24,Premier League,Sun,Away,W,2,1,Everton,40.0,swansea,23.0
2016-02-02,Premier League,Tue,Away,D,1,1,West Brom,55.0,swansea,24.0
2016-02-06,Premier League,Sat,Home,D,1,1,Crystal Palace,59.0,swansea,25.0
2016-02-13,Premier League,Sat,Home,L,0,1,Southampton,54.0,swansea,26.0
2016-02-28,Premier League,Sun,Away,L,1,2,Tottenham,43.0,swansea,27.0
2016-03-02,Premier League,Wed,Away,W,2,1,Arsenal,37.0,swansea,28.0
2016-03-05,Premier League,Sat,Home,W,1,0,Norwich City,56.0,swansea,29.0
2016-03-12,Premier League,Sat,Away,L,2,3,Bournemouth,56.0,swansea,30.0
2016-03-19,Premier League,Sat,Home,W,1,0,Aston Villa,54.0,swansea,31.0
2016-04-02,Premier League,Sat,Away,D,2,2,Stoke City,53.0,swansea,32.0
2016-04-09,Premier League,Sat,Home,W,1,0,Chelsea,39.0,swansea,33.0
2016-04-16,Premier League,Sat,Away,L,0,3,Newcastle Utd,66.0,swansea,34.0
2016-04-24,Premier League,Sun,Away,L,0,4,Leicester City,62.0,swansea,35.0
2016-05-01,Premier League,Sun,Home,W,3,1,Liverpool,48.0,swansea,36.0
2016-05-07,Premier League,Sat,Away,W,4,1,West Ham,48.0,swansea,37.0
2016-05-15,Premier League,Sun,Home,D,1,1,Manchester City,50.0,swansea,38.0
2015-08-08,Premier League,Sat,Away,L,0,1,Manchester Utd,50.0,tottenham,1.0
2015-08-15,Premier League,Sat,Home,D,2,2,Stoke City,53.0,tottenham,2.0
2015-08-22,Premier League,Sat,Away,D,1,1,Leicester City,65.0,tottenham,3.0
2015-08-29,Premier League,Sat,Home,D,0,0,Everton,50.0,tottenham,4.0
2015-09-13,Premier League,Sun,Away,W,1,0,Sunderland,56.0,tottenham,5.0
2015-09-17,Europa Lg,Thu,Home,W,3,1,az QarabaÄŸ FK,53.0,tottenham,
2015-09-20,Premier League,Sun,Home,W,1,0,Crystal Palace,57.0,tottenham,6.0
2015-09-23,League Cup,Wed,Home,L,1,2,Arsenal,,tottenham,
2015-09-26,Premier League,Sat,Home,W,4,1,Manchester City,46.0,tottenham,7.0
2015-10-01,Europa Lg,Thu,Away,D,1,1,fr Monaco,50.0,tottenham,
2015-10-04,Premier League,Sun,Away,D,2,2,Swansea City,54.0,tottenham,8.0
2015-10-17,Premier League,Sat,Home,D,0,0,Liverpool,49.0,tottenham,9.0
2015-10-22,Europa Lg,Thu,Away,L,1,2,be Anderlecht,64.0,tottenham,
2015-10-25,Premier League,Sun,Away,W,5,1,Bournemouth,54.0,tottenham,10.0
2015-11-02,Premier League,Mon,Home,W,3,1,Aston Villa,61.0,tottenham,11.0
2015-11-05,Europa Lg,Thu,Home,W,2,1,be Anderlecht,54.0,tottenham,
2015-11-08,Premier League,Sun,Away,D,1,1,Arsenal,45.0,tottenham,12.0
2015-11-22,Premier League,Sun,Home,W,4,1,West Ham,56.0,tottenham,13.0
2015-11-26,Europa Lg,Thu,Away,W,1,0,az QarabaÄŸ FK,61.0,tottenham,
2015-11-29,Premier League,Sun,Home,D,0,0,Chelsea,58.0,tottenham,14.0
2015-12-05,Premier League,Sat,Away,D,1,1,West Brom,65.0,tottenham,15.0
2015-12-10,Europa Lg,Thu,Home,W,4,1,fr Monaco,58.0,tottenham,
2015-12-13,Premier League,Sun,Home,L,1,2,Newcastle Utd,58.0,tottenham,16.0
2015-12-19,Premier League,Sat,Away,W,2,0,Southampton,49.0,tottenham,17.0
2015-12-26,Premier League,Sat,Home,W,3,0,Norwich City,60.0,tottenham,18.0
2015-12-28,Premier League,Mon,Away,W,2,1,Watford,63.0,tottenham,19.0
2016-01-03,Premier League,Sun,Away,D,1,1,Everton,59.0,tottenham,20.0
2016-01-10,FA Cup,Sun,Home,D,2,2,Leicester City,,tottenham,
2016-01-13,Premier League,Wed,Home,L,0,1,Leicester City,62.0,tottenham,21.0
2016-01-16,Premier League,Sat,Home,W,4,1,Sunderland,67.0,tottenham,22.0
2016-01-20,FA Cup,Wed,Away,W,2,0,Leicester City,,tottenham,
2016-01-23,Premier League,Sat,Away,W,3,1,Crystal Palace,64.0,tottenham,23.0
2016-01-30,FA Cup,Sat,Away,W,4,1,Colchester Utd,,tottenham,
2016-02-02,Premier League,Tue,Away,W,3,0,Norwich City,54.0,tottenham,24.0
2016-02-06,Premier League,Sat,Home,W,1,0,Watford,66.0,tottenham,25.0
2016-02-14,Premier League,Sun,Away,W,2,1,Manchester City,54.0,tottenham,26.0
2016-02-18,Europa Lg,Thu,Away,D,1,1,it Fiorentina,50.0,tottenham,
2016-02-21,FA Cup,Sun,Home,L,0,1,Crystal Palace,,tottenham,
2016-02-25,Europa Lg,Thu,Home,W,3,0,it Fiorentina,47.0,tottenham,
2016-02-28,Premier League,Sun,Home,W,2,1,Swansea City,57.0,tottenham,27.0
2016-03-02,Premier League,Wed,Away,L,0,1,West Ham,65.0,tottenham,28.0
2016-03-05,Premier League,Sat,Home,D,2,2,Arsenal,52.0,tottenham,29.0
2016-03-10,Europa Lg,Thu,Away,L,0,3,de Dortmund,34.0,tottenham,
2016-03-13,Premier League,Sun,Away,W,2,0,Aston Villa,63.0,tottenham,30.0
2016-03-17,Europa Lg,Thu,Home,L,1,2,de Dortmund,59.0,tottenham,
2016-03-20,Premier League,Sun,Home,W,3,0,Bournemouth,63.0,tottenham,31.0
2016-04-02,Premier League,Sat,Away,D,1,1,Liverpool,58.0,tottenham,32.0
2016-04-10,Premier League,Sun,Home,W,3,0,Manchester Utd,47.0,tottenham,33.0
2016-04-18,Premier League,Mon,Away,W,4,0,Stoke City,49.0,tottenham,34.0
2016-04-25,Premier League,Mon,Home,D,1,1,West Brom,67.0,tottenham,35.0
2016-05-02,Premier League,Mon,Away,D,2,2,Chelsea,53.0,tottenham,36.0
2016-05-08,Premier League,Sun,Home,L,1,2,Southampton,70.0,tottenham,37.0
2016-05-15,Premier League,Sun,Away,L,1,5,Newcastle Utd,62.0,tottenham,38.0
2015-08-08,Premier League,Sat,Home,W,1,0,Tottenham,50.0,united,1.0
2015-08-14,Premier League,Fri,Away,W,1,0,Aston Villa,54.0,united,2.0
2015-08-18,Champions Lg,Tue,Home,W,3,1,be Club Brugge,64.0,united,
2015-08-22,Premier League,Sat,Home,D,0,0,Newcastle Utd,69.0,united,3.0
2015-08-26,Champions Lg,Wed,Away,W,4,0,be Club Brugge,62.0,united,
2015-08-30,Premier League,Sun,Away,L,1,2,Swansea City,65.0,united,4.0
2015-09-12,Premier League,Sat,Home,W,3,1,Liverpool,56.0,united,5.0
2015-09-15,Champions Lg,Tue,Away,L,1,2,nl PSV Eindhoven,62.0,united,
2015-09-20,Premier League,Sun,Away,W,3,2,Southampton,59.0,united,6.0
2015-09-23,League Cup,Wed,Home,W,3,0,Ipswich Town,,united,
2015-09-26,Premier League,Sat,Home,W,3,0,Sunderland,66.0,united,7.0
2015-09-30,Champions Lg,Wed,Home,W,2,1,de Wolfsburg,55.0,united,
2015-10-04,Premier League,Sun,Away,L,0,3,Arsenal,62.0,united,8.0
2015-10-17,Premier League,Sat,Away,W,3,0,Everton,53.0,united,9.0
2015-10-21,Champions Lg,Wed,Away,D,1,1,ru CSKA Moscow,67.0,united,
2015-10-25,Premier League,Sun,Home,D,0,0,Manchester City,59.0,united,10.0
2015-10-28,League Cup,Wed,Home,D,0 (1),0 (3),Middlesbrough,,united,
2015-10-31,Premier League,Sat,Away,D,0,0,Crystal Palace,55.0,united,11.0
2015-11-03,Champions Lg,Tue,Home,W,1,0,ru CSKA Moscow,68.0,united,
2015-11-07,Premier League,Sat,Home,W,2,0,West Brom,68.0,united,12.0
2015-11-21,Premier League,Sat,Away,W,2,1,Watford,56.0,united,13.0
2015-11-25,Champions Lg,Wed,Home,D,0,0,nl PSV Eindhoven,58.0,united,
2015-11-28,Premier League,Sat,Away,D,1,1,Leicester City,69.0,united,14.0
2015-12-05,Premier League,Sat,Home,D,0,0,West Ham,63.0,united,15.0
2015-12-08,Champions Lg,Tue,Away,L,2,3,de Wolfsburg,53.0,united,
2015-12-12,Premier League,Sat,Away,L,1,2,Bournemouth,57.0,united,16.0
2015-12-19,Premier League,Sat,Home,L,1,2,Norwich City,69.0,united,17.0
2015-12-26,Premier League,Sat,Away,L,0,2,Stoke City,59.0,united,18.0
2015-12-28,Premier League,Mon,Home,D,0,0,Chelsea,67.0,united,19.0
2016-01-02,Premier League,Sat,Home,W,2,1,Swansea City,55.0,united,20.0
2016-01-09,FA Cup,Sat,Home,W,1,0,Sheffield Utd,,united,
2016-01-12,Premier League,Tue,Away,D,3,3,Newcastle Utd,46.0,united,21.0
2016-01-17,Premier League,Sun,Away,W,1,0,Liverpool,47.0,united,22.0
2016-01-23,Premier League,Sat,Home,L,0,1,Southampton,55.0,united,23.0
2016-01-29,FA Cup,Fri,Away,W,3,1,Derby County,,united,
2016-02-02,Premier League,Tue,Home,W,3,0,Stoke City,47.0,united,24.0
2016-02-07,Premier League,Sun,Away,D,1,1,Chelsea,51.0,united,25.0
2016-02-13,Premier League,Sat,Away,L,1,2,Sunderland,66.0,united,26.0
2016-02-18,Europa Lg,Thu,Away,L,1,2,dk Midtjylland,59.0,united,
2016-02-22,FA Cup,Mon,Away,W,3,0,Shrewsbury,,united,
2016-02-25,Europa Lg,Thu,Home,W,5,1,dk Midtjylland,65.0,united,
2016-02-28,Premier League,Sun,Home,W,3,2,Arsenal,39.0,united,27.0
2016-03-02,Premier League,Wed,Home,W,1,0,Watford,61.0,united,28.0
2016-03-06,Premier League,Sun,Away,L,0,1,West Brom,53.0,united,29.0
2016-03-10,Europa Lg,Thu,Away,L,0,2,eng Liverpool,40.0,united,
2016-03-13,FA Cup,Sun,Home,D,1,1,West Ham,,united,
2016-03-17,Europa Lg,Thu,Home,D,1,1,eng Liverpool,58.0,united,
2016-03-20,Premier League,Sun,Away,W,1,0,Manchester City,46.0,united,30.0
2016-04-03,Premier League,Sun,Home,W,1,0,Everton,54.0,united,31.0
2016-04-10,Premier League,Sun,Away,L,0,3,Tottenham,53.0,united,32.0
2016-04-13,FA Cup,Wed,Away,W,2,1,West Ham,,united,
2016-04-16,Premier League,Sat,Home,W,1,0,Aston Villa,66.0,united,33.0
2016-04-20,Premier League,Wed,Home,W,2,0,Crystal Palace,66.0,united,34.0
2016-04-23,FA Cup,Sat,Away,W,2,1,Everton,,united,
2016-05-01,Premier League,Sun,Home,D,1,1,Leicester City,71.0,united,35.0
2016-05-07,Premier League,Sat,Away,W,1,0,Norwich City,67.0,united,36.0
2016-05-10,Premier League,Tue,Away,L,2,3,West Ham,59.0,united,37.0
2016-05-17,Premier League,Tue,Home,W,3,1,Bournemouth,66.0,united,38.0
2016-05-21,FA Cup,Sat,Away,W,2,1,Crystal Palace,,united,
2015-08-08,Premier League,Sat,Away,D,2,2,Everton,33.0,watford,1.0
2015-08-15,Premier League,Sat,Home,D,0,0,West Brom,64.0,watford,2.0
2015-08-23,Premier League,Sun,Home,D,0,0,Southampton,52.0,watford,3.0
2015-08-25,League Cup,Tue,Away,L,0,1,Preston,,watford,
2015-08-29,Premier League,Sat,Away,L,0,2,Manchester City,41.0,watford,4.0
2015-09-12,Premier League,Sat,Home,W,1,0,Swansea City,39.0,watford,5.0
2015-09-19,Premier League,Sat,Away,W,2,1,Newcastle Utd,42.0,watford,6.0
2015-09-27,Premier League,Sun,Home,L,0,1,Crystal Palace,55.0,watford,7.0
2015-10-03,Premier League,Sat,Away,D,1,1,Bournemouth,46.0,watford,8.0
2015-10-17,Premier League,Sat,Home,L,0,3,Arsenal,33.0,watford,9.0
2015-10-24,Premier League,Sat,Away,W,2,0,Stoke City,34.0,watford,10.0
2015-10-31,Premier League,Sat,Home,W,2,0,West Ham,51.0,watford,11.0
2015-11-07,Premier League,Sat,Away,L,1,2,Leicester City,59.0,watford,12.0
2015-11-21,Premier League,Sat,Home,L,1,2,Manchester Utd,44.0,watford,13.0
2015-11-28,Premier League,Sat,Away,W,3,2,Aston Villa,35.0,watford,14.0
2015-12-05,Premier League,Sat,Home,W,2,0,Norwich City,50.0,watford,15.0
2015-12-12,Premier League,Sat,Away,W,1,0,Sunderland,51.0,watford,16.0
2015-12-20,Premier League,Sun,Home,W,3,0,Liverpool,35.0,watford,17.0
2015-12-26,Premier League,Sat,Away,D,2,2,Chelsea,38.0,watford,18.0
2015-12-28,Premier League,Mon,Home,L,1,2,Tottenham,38.0,watford,19.0
2016-01-02,Premier League,Sat,Home,L,1,2,Manchester City,49.0,watford,20.0
2016-01-09,FA Cup,Sat,Home,W,1,0,Newcastle Utd,,watford,
2016-01-13,Premier League,Wed,Away,L,0,2,Southampton,49.0,watford,21.0
2016-01-18,Premier League,Mon,Away,L,0,1,Swansea City,43.0,watford,22.0
2016-01-23,Premier League,Sat,Home,W,2,1,Newcastle Utd,51.0,watford,23.0
2016-01-30,FA Cup,Sat,Away,W,1,0,Nott'ham Forest,,watford,
2016-02-03,Premier League,Wed,Home,D,0,0,Chelsea,45.0,watford,24.0
2016-02-06,Premier League,Sat,Away,L,0,1,Tottenham,34.0,watford,25.0
2016-02-13,Premier League,Sat,Away,W,2,1,Crystal Palace,46.0,watford,26.0
2016-02-20,FA Cup,Sat,Home,W,1,0,Leeds United,,watford,
2016-02-27,Premier League,Sat,Home,D,0,0,Bournemouth,47.0,watford,27.0
2016-03-02,Premier League,Wed,Away,L,0,1,Manchester Utd,39.0,watford,28.0
2016-03-05,Premier League,Sat,Home,L,0,1,Leicester City,50.0,watford,29.0
2016-03-13,FA Cup,Sun,Away,W,2,1,Arsenal,,watford,
2016-03-19,Premier League,Sat,Home,L,1,2,Stoke City,52.0,watford,30.0
2016-04-02,Premier League,Sat,Away,L,0,4,Arsenal,31.0,watford,31.0
2016-04-09,Premier League,Sat,Home,D,1,1,Everton,42.0,watford,32.0
2016-04-16,Premier League,Sat,Away,W,1,0,West Brom,43.0,watford,33.0
2016-04-20,Premier League,Wed,Away,L,1,3,West Ham,54.0,watford,34.0
2016-04-24,FA Cup,Sun,Away,L,1,2,Crystal Palace,,watford,
2016-04-30,Premier League,Sat,Home,W,3,2,Aston Villa,65.0,watford,35.0
2016-05-08,Premier League,Sun,Away,L,0,2,Liverpool,34.0,watford,36.0
2016-05-11,Premier League,Wed,Away,L,2,4,Norwich City,44.0,watford,37.0
2016-05-15,Premier League,Sun,Home,D,2,2,Sunderland,54.0,watford,38.0
2015-08-10,Premier League,Mon,Home,L,0,3,Manchester City,31.0,west-brom,1.0
2015-08-15,Premier League,Sat,Away,D,0,0,Watford,36.0,west-brom,2.0
2015-08-23,Premier League,Sun,Home,L,2,3,Chelsea,44.0,west-brom,3.0
2015-08-25,League Cup,Tue,Home,D,0 (5),0 (3),Port Vale,,west-brom,
2015-08-29,Premier League,Sat,Away,W,1,0,Stoke City,51.0,west-brom,4.0
2015-09-12,Premier League,Sat,Home,D,0,0,Southampton,35.0,west-brom,5.0
2015-09-19,Premier League,Sat,Away,W,1,0,Aston Villa,40.0,west-brom,6.0
2015-09-23,League Cup,Wed,Away,L,0,3,Norwich City,,west-brom,
2015-09-28,Premier League,Mon,Home,L,2,3,Everton,46.0,west-brom,7.0
2015-10-03,Premier League,Sat,Away,L,0,2,Crystal Palace,40.0,west-brom,8.0
2015-10-17,Premier League,Sat,Home,W,1,0,Sunderland,56.0,west-brom,9.0
2015-10-24,Premier League,Sat,Away,W,1,0,Norwich City,39.0,west-brom,10.0
2015-10-31,Premier League,Sat,Home,L,2,3,Leicester City,48.0,west-brom,11.0
2015-11-07,Premier League,Sat,Away,L,0,2,Manchester Utd,32.0,west-brom,12.0
2015-11-21,Premier League,Sat,Home,W,2,1,Arsenal,27.0,west-brom,13.0
2015-11-29,Premier League,Sun,Away,D,1,1,West Ham,39.0,west-brom,14.0
2015-12-05,Premier League,Sat,Home,D,1,1,Tottenham,35.0,west-brom,15.0
2015-12-13,Premier League,Sun,Away,D,2,2,Liverpool,30.0,west-brom,16.0
2015-12-19,Premier League,Sat,Home,L,1,2,Bournemouth,33.0,west-brom,17.0
2015-12-26,Premier League,Sat,Away,L,0,1,Swansea City,45.0,west-brom,18.0
2015-12-28,Premier League,Mon,Home,W,1,0,Newcastle Utd,52.0,west-brom,19.0
2016-01-02,Premier League,Sat,Home,W,2,1,Stoke City,46.0,west-brom,20.0
2016-01-09,FA Cup,Sat,Home,D,2,2,Bristol City,,west-brom,
2016-01-13,Premier League,Wed,Away,D,2,2,Chelsea,39.0,west-brom,21.0
2016-01-16,Premier League,Sat,Away,L,0,3,Southampton,44.0,west-brom,22.0
2016-01-19,FA Cup,Tue,Away,W,1,0,Bristol City,,west-brom,
2016-01-23,Premier League,Sat,Home,D,0,0,Aston Villa,39.0,west-brom,23.0
2016-01-30,FA Cup,Sat,Home,D,2,2,P'borough Utd,,west-brom,
2016-02-02,Premier League,Tue,Home,D,1,1,Swansea City,45.0,west-brom,24.0
2016-02-06,Premier League,Sat,Away,L,0,1,Newcastle Utd,31.0,west-brom,25.0
2016-02-10,FA Cup,Wed,Away,D,1 (4),1 (3),P'borough Utd,,west-brom,
2016-02-13,Premier League,Sat,Away,W,1,0,Everton,24.0,west-brom,26.0
2016-02-20,FA Cup,Sat,Away,L,1,3,Reading,,west-brom,
2016-02-27,Premier League,Sat,Home,W,3,2,Crystal Palace,46.0,west-brom,27.0
2016-03-01,Premier League,Tue,Away,D,2,2,Leicester City,35.0,west-brom,28.0
2016-03-06,Premier League,Sun,Home,W,1,0,Manchester Utd,47.0,west-brom,29.0
2016-03-19,Premier League,Sat,Home,L,0,1,Norwich City,50.0,west-brom,30.0
2016-04-02,Premier League,Sat,Away,D,0,0,Sunderland,43.0,west-brom,31.0
2016-04-09,Premier League,Sat,Away,L,1,2,Manchester City,38.0,west-brom,32.0
2016-04-16,Premier League,Sat,Home,L,0,1,Watford,57.0,west-brom,33.0
2016-04-21,Premier League,Thu,Away,L,0,2,Arsenal,29.0,west-brom,34.0
2016-04-25,Premier League,Mon,Away,D,1,1,Tottenham,34.0,west-brom,35.0
2016-04-30,Premier League,Sat,Home,L,0,3,West Ham,41.0,west-brom,36.0
2016-05-07,Premier League,Sat,Away,D,1,1,Bournemouth,31.0,west-brom,37.0
2016-05-15,Premier League,Sun,Home,D,1,1,Liverpool,33.0,west-brom,38.0
2015-07-02,Europa Lg,Thu,Home,W,3,0,ad FC Lusitanos,,west-ham,
2015-07-09,Europa Lg,Thu,Away,W,1,0,ad FC Lusitanos,,west-ham,
2015-07-16,Europa Lg,Thu,Home,W,1,0,mt Birkirkara FC,,west-ham,
2015-07-23,Europa Lg,Thu,Away,W,0 (5),1 (3),mt Birkirkara FC,,west-ham,
2015-07-30,Europa Lg,Thu,Home,D,2,2,ro Astra Giurgiu,,west-ham,
2015-08-06,Europa Lg,Thu,Away,L,1,2,ro Astra Giurgiu,,west-ham,
2015-08-09,Premier League,Sun,Away,W,2,0,Arsenal,38.0,west-ham,1.0
2015-08-15,Premier League,Sat,Home,L,1,2,Leicester City,70.0,west-ham,2.0
2015-08-22,Premier League,Sat,Home,L,3,4,Bournemouth,46.0,west-ham,3.0
2015-08-29,Premier League,Sat,Away,W,3,0,Liverpool,37.0,west-ham,4.0
2015-09-14,Premier League,Mon,Home,W,2,0,Newcastle Utd,39.0,west-ham,5.0
2015-09-19,Premier League,Sat,Away,W,2,1,Manchester City,29.0,west-ham,6.0
2015-09-22,League Cup,Tue,Away,L,1,2,Leicester City,,west-ham,
2015-09-26,Premier League,Sat,Home,D,2,2,Norwich City,43.0,west-ham,7.0
2015-10-03,Premier League,Sat,Away,D,2,2,Sunderland,56.0,west-ham,8.0
2015-10-17,Premier League,Sat,Away,W,3,1,Crystal Palace,62.0,west-ham,9.0
2015-10-24,Premier League,Sat,Home,W,2,1,Chelsea,46.0,west-ham,10.0
2015-10-31,Premier League,Sat,Away,L,0,2,Watford,49.0,west-ham,11.0
2015-11-07,Premier League,Sat,Home,D,1,1,Everton,51.0,west-ham,12.0
2015-11-22,Premier League,Sun,Away,L,1,4,Tottenham,44.0,west-ham,13.0
2015-11-29,Premier League,Sun,Home,D,1,1,West Brom,61.0,west-ham,14.0
2015-12-05,Premier League,Sat,Away,D,0,0,Manchester Utd,37.0,west-ham,15.0
2015-12-12,Premier League,Sat,Home,D,0,0,Stoke City,47.0,west-ham,16.0
2015-12-20,Premier League,Sun,Away,D,0,0,Swansea City,27.0,west-ham,17.0
2015-12-26,Premier League,Sat,Away,D,1,1,Aston Villa,41.0,west-ham,18.0
2015-12-28,Premier League,Mon,Home,W,2,1,Southampton,49.0,west-ham,19.0
2016-01-02,Premier League,Sat,Home,W,2,0,Liverpool,36.0,west-ham,20.0
2016-01-09,FA Cup,Sat,Home,W,1,0,Wolves,,west-ham,
2016-01-12,Premier League,Tue,Away,W,3,1,Bournemouth,51.0,west-ham,21.0
2016-01-16,Premier League,Sat,Away,L,1,2,Newcastle Utd,49.0,west-ham,22.0
2016-01-23,Premier League,Sat,Home,D,2,2,Manchester City,47.0,west-ham,23.0
2016-01-30,FA Cup,Sat,Away,D,0,0,Liverpool,,west-ham,
2016-02-02,Premier League,Tue,Home,W,2,0,Aston Villa,68.0,west-ham,24.0
2016-02-06,Premier League,Sat,Away,L,0,1,Southampton,65.0,west-ham,25.0
2016-02-09,FA Cup,Tue,Home,W,2,1,Liverpool,,west-ham,
2016-02-13,Premier League,Sat,Away,D,2,2,Norwich City,52.0,west-ham,26.0
2016-02-21,FA Cup,Sun,Away,W,5,1,Blackburn,,west-ham,
2016-02-27,Premier League,Sat,Home,W,1,0,Sunderland,53.0,west-ham,27.0
2016-03-02,Premier League,Wed,Home,W,1,0,Tottenham,35.0,west-ham,28.0
2016-03-05,Premier League,Sat,Away,W,3,2,Everton,58.0,west-ham,29.0
2016-03-13,FA Cup,Sun,Away,D,1,1,Manchester Utd,,west-ham,
2016-03-19,Premier League,Sat,Away,D,2,2,Chelsea,41.0,west-ham,30.0
2016-04-02,Premier League,Sat,Home,D,2,2,Crystal Palace,67.0,west-ham,31.0
2016-04-09,Premier League,Sat,Home,D,3,3,Arsenal,39.0,west-ham,32.0
2016-04-13,FA Cup,Wed,Home,L,1,2,Manchester Utd,,west-ham,
2016-04-17,Premier League,Sun,Away,D,2,2,Leicester City,57.0,west-ham,33.0
2016-04-20,Premier League,Wed,Home,W,3,1,Watford,46.0,west-ham,34.0
2016-04-30,Premier League,Sat,Away,W,3,0,West Brom,59.0,west-ham,35.0
2016-05-07,Premier League,Sat,Home,L,1,4,Swansea City,52.0,west-ham,36.0
2016-05-10,Premier League,Tue,Home,W,3,2,Manchester Utd,41.0,west-ham,37.0
2016-05-15,Premier League,Sun,Away,L,1,2,Stoke City,53.0,west-ham,38.0
